city,year,house_price
三亚,2005,3500
三亚,2006,3544
三亚,2007,4359
三亚,2008,3950
三亚,2009,4433
三亚,2010,5200
三亚,2011,5779
三亚,2012,6226
三亚,2013,6847
三亚,2014,6045
三亚,2015,6142
三亚,2016,7675
三亚,2017,9040
三亚,2018,9940
三亚,2019,10773
三亚,2020,11656
三亚,2021,11966
三亚,2022,11305
三亚,2023,11261
三亚,2024,10795
三明,2005,5131
三明,2006,6035
三明,2007,7791
三明,2008,7807
三明,2009,9319
三明,2010,11402
三明,2011,11876
三明,2012,11876
三明,2013,13295
三明,2014,12075
三明,2015,11500
三明,2016,14454
三明,2017,16479
三明,2018,15203
三明,2019,15726
三明,2020,16215
三明,2021,15073
三明,2022,12054
三明,2023,9666
三明,2024,8893
上海,2005,7100
上海,2006,8340
上海,2007,10972
上海,2008,11332
上海,2009,13687
上海,2010,16811
上海,2011,19249
上海,2012,21148
上海,2013,25183
上海,2014,25691
上海,2015,25435
上海,2016,31782
上海,2017,38369
上海,2018,43395
上海,2019,50128
上海,2020,53570
上海,2021,54828
上海,2022,54161
上海,2023,55523
上海,2024,61399
上饶,2005,3430
上饶,2006,4050
上饶,2007,4998
上饶,2008,4711
上饶,2009,5418
上饶,2010,6036
上饶,2011,6203
上饶,2012,6079
上饶,2013,6383
上饶,2014,5758
上饶,2015,5867
上饶,2016,7250
上饶,2017,8612
上饶,2018,9522
上饶,2019,11265
上饶,2020,12606
上饶,2021,13043
上饶,2022,12208
上饶,2023,11765
上饶,2024,11536
东莞,2005,3000
东莞,2006,3490
东莞,2007,4405
东莞,2008,4085
东莞,2009,4944
东莞,2010,5511
东莞,2011,5849
东莞,2012,6036
东莞,2013,6853
东莞,2014,6391
东莞,2015,6418
东莞,2016,7995
东莞,2017,9009
东莞,2018,9312
东莞,2019,10905
东莞,2020,12127
东莞,2021,12323
东莞,2022,11301
东莞,2023,11129
东莞,2024,11053
东营,2005,4791
东营,2006,5647
东营,2007,7091
东营,2008,6863
东营,2009,8268
东营,2010,9253
东营,2011,9708
东营,2012,9601
东营,2013,11040
东营,2014,10467
东营,2015,10015
东营,2016,11825
东营,2017,13328
东营,2018,14765
东营,2019,17567
东营,2020,19736
东营,2021,19666
东营,2022,17200
东营,2023,14828
东营,2024,12674
中山,2005,4442
中山,2006,5251
中山,2007,6249
中山,2008,5496
中山,2009,6091
中山,2010,6678
中山,2011,7196
中山,2012,7321
中山,2013,8107
中山,2014,7775
中山,2015,7994
中山,2016,10068
中山,2017,12241
中山,2018,13536
中山,2019,14738
中山,2020,15742
中山,2021,16057
中山,2022,15396
中山,2023,13754
中山,2024,12878
临汾,2005,4331
临汾,2006,5016
临汾,2007,6672
临汾,2008,6784
临汾,2009,8249
临汾,2010,9980
临汾,2011,10299
临汾,2012,10690
临汾,2013,12219
临汾,2014,11223
临汾,2015,10841
临汾,2016,12581
临汾,2017,14797
临汾,2018,16585
临汾,2019,17287
临汾,2020,17972
临汾,2021,18722
临汾,2022,17407
临汾,2023,15875
临汾,2024,13999
临沂,2005,3538
临沂,2006,3904
临沂,2007,4921
临沂,2008,4718
临沂,2009,5658
临沂,2010,6670
临沂,2011,7385
临沂,2012,7999
临沂,2013,9246
临沂,2014,7948
临沂,2015,7706
临沂,2016,9019
临沂,2017,10880
临沂,2018,11880
临沂,2019,12552
临沂,2020,12590
临沂,2021,12804
临沂,2022,11515
临沂,2023,11227
临沂,2024,11146
丹东,2005,5160
丹东,2006,5632
丹东,2007,6530
丹东,2008,6169
丹东,2009,7173
丹东,2010,7618
丹东,2011,7391
丹东,2012,7385
丹东,2013,7648
丹东,2014,7131
丹东,2015,7017
丹东,2016,8508
丹东,2017,10204
丹东,2018,10540
丹东,2019,11372
丹东,2020,12405
丹东,2021,13316
丹东,2022,13197
丹东,2023,12748
丹东,2024,12773
丽水,2005,4940
丽水,2006,5683
丽水,2007,6964
丽水,2008,6318
丽水,2009,7048
丽水,2010,8018
丽水,2011,8764
丽水,2012,8839
丽水,2013,9812
丽水,2014,8980
丽水,2015,8667
丽水,2016,10663
丽水,2017,12166
丽水,2018,12246
丽水,2019,12910
丽水,2020,13343
丽水,2021,13392
丽水,2022,11558
丽水,2023,10709
丽水,2024,10270
丽江,2005,4358
丽江,2006,4929
丽江,2007,5866
丽江,2008,5523
丽江,2009,6419
丽江,2010,7012
丽江,2011,7278
丽江,2012,7834
丽江,2013,8776
丽江,2014,7944
丽江,2015,7452
丽江,2016,8704
丽江,2017,9450
丽江,2018,9176
丽江,2019,9345
丽江,2020,9633
丽江,2021,10009
丽江,2022,9417
丽江,2023,8171
丽江,2024,7553
乌海,2005,6433
乌海,2006,7088
乌海,2007,8253
乌海,2008,7750
乌海,2009,8695
乌海,2010,9230
乌海,2011,9962
乌海,2012,10065
乌海,2013,11033
乌海,2014,9762
乌海,2015,9171
乌海,2016,10640
乌海,2017,12138
乌海,2018,13562
乌海,2019,14653
乌海,2020,15675
乌海,2021,16218
乌海,2022,14997
乌海,2023,13085
乌海,2024,11492
乌鲁木齐,2005,5419
乌鲁木齐,2006,6500
乌鲁木齐,2007,8151
乌鲁木齐,2008,6751
乌鲁木齐,2009,7874
乌鲁木齐,2010,8596
乌鲁木齐,2011,8799
乌鲁木齐,2012,9137
乌鲁木齐,2013,9578
乌鲁木齐,2014,8448
乌鲁木齐,2015,7988
乌鲁木齐,2016,9444
乌鲁木齐,2017,10909
乌鲁木齐,2018,11896
乌鲁木齐,2019,12510
乌鲁木齐,2020,12574
乌鲁木齐,2021,12588
乌鲁木齐,2022,12095
乌鲁木齐,2023,11932
乌鲁木齐,2024,11568
乐山,2005,4739
乐山,2006,5364
乐山,2007,6908
乐山,2008,6932
乐山,2009,8329
乐山,2010,9827
乐山,2011,11070
乐山,2012,11190
乐山,2013,12433
乐山,2014,11761
乐山,2015,11841
乐山,2016,14580
乐山,2017,17300
乐山,2018,18380
乐山,2019,18815
乐山,2020,18315
乐山,2021,17343
乐山,2022,14980
乐山,2023,13685
乐山,2024,12810
九江,2005,4690
九江,2006,4836
九江,2007,5696
九江,2008,5387
九江,2009,6193
九江,2010,6902
九江,2011,7715
九江,2012,8239
九江,2013,9451
九江,2014,8587
九江,2015,8283
九江,2016,9848
九江,2017,11001
九江,2018,11217
九江,2019,11926
九江,2020,12364
九江,2021,12681
九江,2022,12193
九江,2023,11828
九江,2024,11038
伊春,2005,6712
伊春,2006,7797
伊春,2007,10174
伊春,2008,10051
伊春,2009,11265
伊春,2010,12163
伊春,2011,11920
伊春,2012,11148
伊春,2013,11314
伊春,2014,9830
伊春,2015,9357
伊春,2016,11116
伊春,2017,12999
伊春,2018,14033
伊春,2019,14877
伊春,2020,15049
伊春,2021,15958
伊春,2022,15678
伊春,2023,14953
伊春,2024,14356
佛山,2005,2800
佛山,2006,3047
佛山,2007,3598
佛山,2008,3709
佛山,2009,4796
佛山,2010,5656
佛山,2011,6329
佛山,2012,6543
佛山,2013,7872
佛山,2014,7511
佛山,2015,7152
佛山,2016,8814
佛山,2017,10027
佛山,2018,10227
佛山,2019,11007
佛山,2020,12197
佛山,2021,12774
佛山,2022,12031
佛山,2023,11539
佛山,2024,12113
佳木斯,2005,5454
佳木斯,2006,5698
佳木斯,2007,6355
佳木斯,2008,5752
佳木斯,2009,6716
佳木斯,2010,7567
佳木斯,2011,8106
佳木斯,2012,7970
佳木斯,2013,8795
佳木斯,2014,8283
佳木斯,2015,8112
佳木斯,2016,9525
佳木斯,2017,10667
佳木斯,2018,11187
佳木斯,2019,12253
佳木斯,2020,13626
佳木斯,2021,14510
佳木斯,2022,14025
佳木斯,2023,13503
佳木斯,2024,14582
保定,2005,3471
保定,2006,4314
保定,2007,5580
保定,2008,5848
保定,2009,6878
保定,2010,7436
保定,2011,8079
保定,2012,7867
保定,2013,8797
保定,2014,8363
保定,2015,8892
保定,2016,12523
保定,2017,14648
保定,2018,15177
保定,2019,15921
保定,2020,16520
保定,2021,16869
保定,2022,14922
保定,2023,13696
保定,2024,12869
保山,2005,4843
保山,2006,5061
保山,2007,6078
保山,2008,5706
保山,2009,6968
保山,2010,7772
保山,2011,8350
保山,2012,8519
保山,2013,9532
保山,2014,8875
保山,2015,9093
保山,2016,11777
保山,2017,13668
保山,2018,14399
保山,2019,14434
保山,2020,13680
保山,2021,13527
保山,2022,12417
保山,2023,11341
保山,2024,10590
信阳,2005,4544
信阳,2006,5138
信阳,2007,6227
信阳,2008,5944
信阳,2009,7104
信阳,2010,8323
信阳,2011,9348
信阳,2012,9983
信阳,2013,11773
信阳,2014,11476
信阳,2015,11680
信阳,2016,15232
信阳,2017,17381
信阳,2018,17687
信阳,2019,16942
信阳,2020,17036
信阳,2021,17064
信阳,2022,15696
信阳,2023,14688
信阳,2024,14164
儋州,2005,6833
儋州,2006,7621
儋州,2007,9450
儋州,2008,8860
儋州,2009,10038
儋州,2010,11027
儋州,2011,11433
儋州,2012,11358
儋州,2013,11898
儋州,2014,10630
儋州,2015,10273
儋州,2016,12093
儋州,2017,15465
儋州,2018,16528
儋州,2019,16094
儋州,2020,15410
儋州,2021,15581
儋州,2022,14362
儋州,2023,13117
儋州,2024,11844
克拉玛依,2005,6123
克拉玛依,2006,6498
克拉玛依,2007,8011
克拉玛依,2008,7803
克拉玛依,2009,8861
克拉玛依,2010,9271
克拉玛依,2011,9072
克拉玛依,2012,9375
克拉玛依,2013,10318
克拉玛依,2014,9082
克拉玛依,2015,8553
克拉玛依,2016,10304
克拉玛依,2017,11850
克拉玛依,2018,12597
克拉玛依,2019,13581
克拉玛依,2020,14264
克拉玛依,2021,13340
克拉玛依,2022,12566
克拉玛依,2023,11888
克拉玛依,2024,11042
六盘水,2005,4615
六盘水,2006,5606
六盘水,2007,7166
六盘水,2008,6946
六盘水,2009,8561
六盘水,2010,9666
六盘水,2011,9993
六盘水,2012,10119
六盘水,2013,10240
六盘水,2014,8914
六盘水,2015,8776
六盘水,2016,10368
六盘水,2017,10724
六盘水,2018,11560
六盘水,2019,12122
六盘水,2020,12544
六盘水,2021,12340
六盘水,2022,11721
六盘水,2023,10875
六盘水,2024,11035
兰州,2005,5281
兰州,2006,5864
兰州,2007,7156
兰州,2008,6447
兰州,2009,7244
兰州,2010,8058
兰州,2011,8446
兰州,2012,8774
兰州,2013,9484
兰州,2014,8357
兰州,2015,8297
兰州,2016,10240
兰州,2017,12007
兰州,2018,12489
兰州,2019,13176
兰州,2020,12849
兰州,2021,13617
兰州,2022,12934
兰州,2023,12166
兰州,2024,11880
内江,2005,4779
内江,2006,5209
内江,2007,6091
内江,2008,5573
内江,2009,6800
内江,2010,8558
内江,2011,9597
内江,2012,9993
内江,2013,10396
内江,2014,8996
内江,2015,8639
内江,2016,10452
内江,2017,12867
内江,2018,14388
内江,2019,15121
内江,2020,15388
内江,2021,15135
内江,2022,15597
内江,2023,14413
内江,2024,13762
北京,2005,6200
北京,2006,6888
北京,2007,8681
北京,2008,8109
北京,2009,10140
北京,2010,12299
北京,2011,14231
北京,2012,17085
北京,2013,21051
北京,2014,22601
北京,2015,25070
北京,2016,31069
北京,2017,34916
北京,2018,35340
北京,2019,38064
北京,2020,41325
北京,2021,44088
北京,2022,45543
北京,2023,46989
北京,2024,48492
北海,2005,5090
北海,2006,5536
北海,2007,6304
北海,2008,5679
北海,2009,6715
北海,2010,7433
北海,2011,8358
北海,2012,8928
北海,2013,10454
北海,2014,9427
北海,2015,9014
北海,2016,10544
北海,2017,12040
北海,2018,12249
北海,2019,13159
北海,2020,13537
北海,2021,12447
北海,2022,11860
北海,2023,11845
北海,2024,12063
南京,2005,4200
南京,2006,5391
南京,2007,7034
南京,2008,6921
南京,2009,8022
南京,2010,9524
南京,2011,11223
南京,2012,11825
南京,2013,13823
南京,2014,14031
南京,2015,15129
南京,2016,21076
南京,2017,26071
南京,2018,28521
南京,2019,33454
南京,2020,38402
南京,2021,42211
南京,2022,42675
南京,2023,41225
南京,2024,40679
南充,2005,3993
南充,2006,5084
南充,2007,6737
南充,2008,6442
南充,2009,7821
南充,2010,8409
南充,2011,8831
南充,2012,8745
南充,2013,9417
南充,2014,8512
南充,2015,8068
南充,2016,10237
南充,2017,12213
南充,2018,12371
南充,2019,13030
南充,2020,13609
南充,2021,13232
南充,2022,12460
南充,2023,12755
南充,2024,12808
南宁,2005,3555
南宁,2006,3846
南宁,2007,4813
南宁,2008,4473
南宁,2009,5012
南宁,2010,5596
南宁,2011,6227
南宁,2012,6330
南宁,2013,7235
南宁,2014,7029
南宁,2015,6682
南宁,2016,8458
南宁,2017,9967
南宁,2018,11354
南宁,2019,12706
南宁,2020,13096
南宁,2021,13633
南宁,2022,12647
南宁,2023,12230
南宁,2024,12288
南平,2005,4684
南平,2006,5631
南平,2007,7090
南平,2008,7051
南平,2009,8247
南平,2010,9584
南平,2011,10120
南平,2012,10424
南平,2013,11395
南平,2014,10765
南平,2015,10298
南平,2016,12381
南平,2017,13292
南平,2018,14329
南平,2019,14189
南平,2020,13635
南平,2021,13226
南平,2022,11483
南平,2023,10590
南平,2024,10105
南昌,2005,3794
南昌,2006,4338
南昌,2007,5423
南昌,2008,5470
南昌,2009,6573
南昌,2010,7526
南昌,2011,8059
南昌,2012,8489
南昌,2013,9605
南昌,2014,8701
南昌,2015,8251
南昌,2016,9829
南昌,2017,11116
南昌,2018,11832
南昌,2019,13177
南昌,2020,14546
南昌,2021,15129
南昌,2022,14555
南昌,2023,12977
南昌,2024,12073
南通,2005,3414
南通,2006,3864
南通,2007,5027
南通,2008,5099
南通,2009,6419
南通,2010,7423
南通,2011,7624
南通,2012,7476
南通,2013,7585
南通,2014,6619
南通,2015,6730
南通,2016,7906
南通,2017,8826
南通,2018,9718
南通,2019,10525
南通,2020,11372
南通,2021,12492
南通,2022,11832
南通,2023,11232
南通,2024,10687
南阳,2005,4102
南阳,2006,4777
南阳,2007,6406
南阳,2008,6341
南阳,2009,7986
南阳,2010,9459
南阳,2011,10060
南阳,2012,10613
南阳,2013,12209
南阳,2014,11685
南阳,2015,10974
南阳,2016,12937
南阳,2017,13652
南阳,2018,14026
南阳,2019,14575
南阳,2020,15744
南阳,2021,15590
南阳,2022,13586
南阳,2023,11954
南阳,2024,11283
厦门,2005,4800
厦门,2006,5761
厦门,2007,7318
厦门,2008,7640
厦门,2009,9676
厦门,2010,11352
厦门,2011,12330
厦门,2012,12739
厦门,2013,14242
厦门,2014,13497
厦门,2015,14113
厦门,2016,18824
厦门,2017,22375
厦门,2018,27035
厦门,2019,32019
厦门,2020,36726
厦门,2021,41903
厦门,2022,39933
厦门,2023,42509
厦门,2024,46216
台州,2005,3784
台州,2006,3920
台州,2007,4444
台州,2008,4130
台州,2009,5100
台州,2010,6105
台州,2011,6511
台州,2012,6529
台州,2013,7018
台州,2014,6505
台州,2015,6156
台州,2016,7603
台州,2017,8645
台州,2018,9563
台州,2019,11029
台州,2020,12051
台州,2021,12451
台州,2022,11210
台州,2023,10233
台州,2024,10451
台湾,2005,18083
台湾,2006,18717
台湾,2007,22680
台湾,2008,21650
台湾,2009,25430
台湾,2010,30516
台湾,2011,31942
台湾,2012,32197
台湾,2013,34775
台湾,2014,30224
台湾,2015,28399
台湾,2016,33585
台湾,2017,36980
台湾,2018,37923
台湾,2019,40414
台湾,2020,44611
台湾,2021,48355
台湾,2022,49900
台湾,2023,46852
台湾,2024,42000
合肥,2005,2300
合肥,2006,2830
合肥,2007,3586
合肥,2008,3497
合肥,2009,4413
合肥,2010,5266
合肥,2011,6085
合肥,2012,6796
合肥,2013,8769
合肥,2014,8694
合肥,2015,8874
合肥,2016,10949
合肥,2017,12530
合肥,2018,12951
合肥,2019,13134
合肥,2020,13230
合肥,2021,12823
合肥,2022,11842
合肥,2023,11479
合肥,2024,10895
吉安,2005,5399
吉安,2006,6109
吉安,2007,7602
吉安,2008,7258
吉安,2009,8352
吉安,2010,9970
吉安,2011,10590
吉安,2012,11033
吉安,2013,12131
吉安,2014,11759
吉安,2015,12129
吉安,2016,14535
吉安,2017,16529
吉安,2018,16983
吉安,2019,17886
吉安,2020,18268
吉安,2021,18202
吉安,2022,16385
吉安,2023,15218
吉安,2024,14034
吉林,2005,4421
吉林,2006,5238
吉林,2007,6640
吉林,2008,6510
吉林,2009,7849
吉林,2010,9497
吉林,2011,9544
吉林,2012,9675
吉林,2013,10715
吉林,2014,10147
吉林,2015,10492
吉林,2016,13529
吉林,2017,15256
吉林,2018,15627
吉林,2019,16486
吉林,2020,17817
吉林,2021,18765
吉林,2022,17725
吉林,2023,16405
吉林,2024,15114
吉林市,2005,4719
吉林市,2006,5542
吉林市,2007,7402
吉林市,2008,7208
吉林市,2009,8684
吉林市,2010,10226
吉林市,2011,11006
吉林市,2012,11885
吉林市,2013,13205
吉林市,2014,12316
吉林市,2015,11515
吉林市,2016,13798
吉林市,2017,14311
吉林市,2018,13891
吉林市,2019,14100
吉林市,2020,14599
吉林市,2021,15208
吉林市,2022,13580
吉林市,2023,12264
吉林市,2024,11987
吐鲁番,2005,7188
吐鲁番,2006,8623
吐鲁番,2007,11272
吐鲁番,2008,11417
吐鲁番,2009,14000
吐鲁番,2010,15984
吐鲁番,2011,16811
吐鲁番,2012,15719
吐鲁番,2013,15111
吐鲁番,2014,13006
吐鲁番,2015,11937
吐鲁番,2016,14348
吐鲁番,2017,16255
吐鲁番,2018,16523
吐鲁番,2019,16703
吐鲁番,2020,17029
吐鲁番,2021,16594
吐鲁番,2022,14835
吐鲁番,2023,13259
吐鲁番,2024,12458
周口,2005,4984
周口,2006,5619
周口,2007,6784
周口,2008,5915
周口,2009,6701
周口,2010,7650
周口,2011,7836
周口,2012,7730
周口,2013,8517
周口,2014,8001
周口,2015,8098
周口,2016,10308
周口,2017,12251
周口,2018,13174
周口,2019,14113
周口,2020,14484
周口,2021,14471
周口,2022,13761
周口,2023,13578
周口,2024,12897
呼和浩特,2005,4160
呼和浩特,2006,4698
呼和浩特,2007,5765
呼和浩特,2008,5476
呼和浩特,2009,6458
呼和浩特,2010,7378
呼和浩特,2011,7928
呼和浩特,2012,8555
呼和浩特,2013,9874
呼和浩特,2014,9089
呼和浩特,2015,8684
呼和浩特,2016,10613
呼和浩特,2017,12655
呼和浩特,2018,14623
呼和浩特,2019,16590
呼和浩特,2020,17308
呼和浩特,2021,17308
呼和浩特,2022,15438
呼和浩特,2023,13790
呼和浩特,2024,13347
咸宁,2005,5445
咸宁,2006,6029
咸宁,2007,7507
咸宁,2008,6902
咸宁,2009,7856
咸宁,2010,8804
咸宁,2011,9573
咸宁,2012,10125
咸宁,2013,11302
咸宁,2014,11149
咸宁,2015,11460
咸宁,2016,14151
咸宁,2017,16828
咸宁,2018,19510
咸宁,2019,20705
咸宁,2020,20183
咸宁,2021,18807
咸宁,2022,16306
咸宁,2023,14625
咸宁,2024,13536
咸阳,2005,4077
咸阳,2006,4564
咸阳,2007,5659
咸阳,2008,5510
咸阳,2009,6570
咸阳,2010,7494
咸阳,2011,8389
咸阳,2012,9452
咸阳,2013,10431
咸阳,2014,9615
咸阳,2015,9327
咸阳,2016,11582
咸阳,2017,13763
咸阳,2018,14054
咸阳,2019,13401
咸阳,2020,13476
咸阳,2021,13328
咸阳,2022,12582
咸阳,2023,11494
咸阳,2024,10264
哈密,2005,6957
哈密,2006,7514
哈密,2007,8870
哈密,2008,8056
哈密,2009,9857
哈密,2010,11287
哈密,2011,12740
哈密,2012,13032
哈密,2013,13803
哈密,2014,12592
哈密,2015,12168
哈密,2016,14653
哈密,2017,16098
哈密,2018,16965
哈密,2019,17138
哈密,2020,16443
哈密,2021,15497
哈密,2022,13541
哈密,2023,12262
哈密,2024,12388
哈尔滨,2005,2300
哈尔滨,2006,2868
哈尔滨,2007,3910
哈尔滨,2008,4106
哈尔滨,2009,4939
哈尔滨,2010,5868
哈尔滨,2011,6235
哈尔滨,2012,6461
哈尔滨,2013,7710
哈尔滨,2014,7062
哈尔滨,2015,7236
哈尔滨,2016,8631
哈尔滨,2017,9611
哈尔滨,2018,10420
哈尔滨,2019,11239
哈尔滨,2020,11941
哈尔滨,2021,12133
哈尔滨,2022,10947
哈尔滨,2023,10385
哈尔滨,2024,11029
唐山,2005,3751
唐山,2006,3872
唐山,2007,4581
唐山,2008,4219
唐山,2009,4910
唐山,2010,5738
唐山,2011,6478
唐山,2012,6623
唐山,2013,7455
唐山,2014,7122
唐山,2015,7267
唐山,2016,9659
唐山,2017,11965
唐山,2018,13377
唐山,2019,14368
唐山,2020,15097
唐山,2021,15184
唐山,2022,13569
唐山,2023,12906
唐山,2024,13069
商丘,2005,3857
商丘,2006,4251
商丘,2007,5001
商丘,2008,4491
商丘,2009,4896
商丘,2010,5330
商丘,2011,5610
商丘,2012,5331
商丘,2013,5698
商丘,2014,5085
商丘,2015,4800
商丘,2016,5293
商丘,2017,5897
商丘,2018,6353
商丘,2019,7184
商丘,2020,8450
商丘,2021,9692
商丘,2022,10296
商丘,2023,9907
商丘,2024,10607
嘉兴,2005,3914
嘉兴,2006,4773
嘉兴,2007,6055
嘉兴,2008,5585
嘉兴,2009,6808
嘉兴,2010,8065
嘉兴,2011,8833
嘉兴,2012,9727
嘉兴,2013,10578
嘉兴,2014,10285
嘉兴,2015,9945
嘉兴,2016,11590
嘉兴,2017,12534
嘉兴,2018,12489
嘉兴,2019,13438
嘉兴,2020,14491
嘉兴,2021,15551
嘉兴,2022,14450
嘉兴,2023,13121
嘉兴,2024,12298
四平,2005,5763
四平,2006,6078
四平,2007,7294
四平,2008,6832
四平,2009,7711
四平,2010,8326
四平,2011,8517
四平,2012,8564
四平,2013,9185
四平,2014,8298
四平,2015,8311
四平,2016,10419
四平,2017,12064
四平,2018,12438
四平,2019,12602
四平,2020,13270
四平,2021,13981
四平,2022,13083
四平,2023,11704
四平,2024,10697
大同,2005,5055
大同,2006,5379
大同,2007,6395
大同,2008,5813
大同,2009,6730
大同,2010,7597
大同,2011,8366
大同,2012,9155
大同,2013,10249
大同,2014,9757
大同,2015,9668
大同,2016,12177
大同,2017,13262
大同,2018,13735
大同,2019,14095
大同,2020,15191
大同,2021,15851
大同,2022,14456
大同,2023,13088
大同,2024,11986
大庆,2005,5896
大庆,2006,6776
大庆,2007,8340
大庆,2008,8026
大庆,2009,9844
大庆,2010,10836
大庆,2011,10671
大庆,2012,10453
大庆,2013,11093
大庆,2014,10428
大庆,2015,9381
大庆,2016,11280
大庆,2017,12290
大庆,2018,13227
大庆,2019,13737
大庆,2020,14729
大庆,2021,14811
大庆,2022,13812
大庆,2023,13812
大庆,2024,13648
大理,2005,4212
大理,2006,4582
大理,2007,5764
大理,2008,5306
大理,2009,5929
大理,2010,6368
大理,2011,6473
大理,2012,6543
大理,2013,7713
大理,2014,7403
大理,2015,7708
大理,2016,10048
大理,2017,10965
大理,2018,10934
大理,2019,11086
大理,2020,11842
大理,2021,11747
大理,2022,10545
大理,2023,9919
大理,2024,9283
大连,2005,3500
大连,2006,4054
大连,2007,4901
大连,2008,4659
大连,2009,5592
大连,2010,6419
大连,2011,6868
大连,2012,7347
大连,2013,8062
大连,2014,7224
大连,2015,7423
大连,2016,9240
大连,2017,10998
大连,2018,12523
大连,2019,13647
大连,2020,14587
大连,2021,14742
大连,2022,14221
大连,2023,13101
大连,2024,13032
天水,2005,4473
天水,2006,5221
天水,2007,6408
天水,2008,5923
天水,2009,6493
天水,2010,7350
天水,2011,7304
天水,2012,7587
天水,2013,8308
天水,2014,8046
天水,2015,7819
天水,2016,9471
天水,2017,10857
天水,2018,11073
天水,2019,11243
天水,2020,11649
天水,2021,11663
天水,2022,10852
天水,2023,10700
天水,2024,10622
天津,2005,4200
天津,2006,5137
天津,2007,6374
天津,2008,6150
天津,2009,7220
天津,2010,7642
天津,2011,7875
天津,2012,7810
天津,2013,8304
天津,2014,7247
天津,2015,7167
天津,2016,9010
天津,2017,10006
天津,2018,10606
天津,2019,11016
天津,2020,12187
天津,2021,12486
天津,2022,11205
天津,2023,10761
天津,2024,11056
太原,2005,4635
太原,2006,5256
太原,2007,6308
太原,2008,5677
太原,2009,6597
太原,2010,7379
太原,2011,7892
太原,2012,7964
太原,2013,8257
太原,2014,7242
太原,2015,7165
太原,2016,8877
太原,2017,10209
太原,2018,11503
太原,2019,12757
太原,2020,14537
太原,2021,15964
太原,2022,14810
太原,2023,13703
太原,2024,13567
威海,2005,5165
威海,2006,5999
威海,2007,7624
威海,2008,7076
威海,2009,8149
威海,2010,9801
威海,2011,10987
威海,2012,11255
威海,2013,12404
威海,2014,11325
威海,2015,11319
威海,2016,13013
威海,2017,14452
威海,2018,14418
威海,2019,14809
威海,2020,14996
威海,2021,14810
威海,2022,12935
威海,2023,11584
威海,2024,10925
娄底,2005,4809
娄底,2006,5526
娄底,2007,6678
娄底,2008,6233
娄底,2009,8174
娄底,2010,9508
娄底,2011,9815
娄底,2012,9612
娄底,2013,10725
娄底,2014,10087
娄底,2015,9785
娄底,2016,12147
娄底,2017,14027
娄底,2018,15185
娄底,2019,16966
娄底,2020,17468
娄底,2021,17866
娄底,2022,16104
娄底,2023,14379
娄底,2024,12793
孝感,2005,3662
孝感,2006,4036
孝感,2007,4645
孝感,2008,4097
孝感,2009,4570
孝感,2010,4928
孝感,2011,5433
孝感,2012,5894
孝感,2013,7052
孝感,2014,6729
孝感,2015,7516
孝感,2016,10213
孝感,2017,11988
孝感,2018,12363
孝感,2019,13480
孝感,2020,14177
孝感,2021,14605
孝感,2022,12412
孝感,2023,11085
孝感,2024,10735
宁德,2005,4919
宁德,2006,5708
宁德,2007,7215
宁德,2008,7213
宁德,2009,9028
宁德,2010,10203
宁德,2011,10976
宁德,2012,11650
宁德,2013,13292
宁德,2014,12245
宁德,2015,12274
宁德,2016,14234
宁德,2017,15276
宁德,2018,14652
宁德,2019,13662
宁德,2020,13222
宁德,2021,12689
宁德,2022,11229
宁德,2023,10443
宁德,2024,10187
宁波,2005,3500
宁波,2006,4025
宁波,2007,5345
宁波,2008,5614
宁波,2009,7139
宁波,2010,8133
宁波,2011,8951
宁波,2012,9470
宁波,2013,11132
宁波,2014,10782
宁波,2015,11325
宁波,2016,14288
宁波,2017,16609
宁波,2018,17832
宁波,2019,20324
宁波,2020,22091
宁波,2021,23082
宁波,2022,23683
宁波,2023,24692
宁波,2024,25011
安庆,2005,3949
安庆,2006,4599
安庆,2007,5935
安庆,2008,5811
安庆,2009,7458
安庆,2010,8619
安庆,2011,8652
安庆,2012,8873
安庆,2013,9678
安庆,2014,9721
安庆,2015,9951
安庆,2016,11585
安庆,2017,12437
安庆,2018,12222
安庆,2019,12380
安庆,2020,12733
安庆,2021,13706
安庆,2022,12699
安庆,2023,11607
安庆,2024,10739
安康,2005,6012
安康,2006,6980
安康,2007,9164
安康,2008,8800
安康,2009,10391
安康,2010,12230
安康,2011,12500
安康,2012,12725
安康,2013,12652
安康,2014,11025
安康,2015,10564
安康,2016,12106
安康,2017,13642
安康,2018,13989
安康,2019,14338
安康,2020,14695
安康,2021,14703
安康,2022,12381
安康,2023,11247
安康,2024,11426
安阳,2005,3951
安阳,2006,4577
安阳,2007,5513
安阳,2008,5190
安阳,2009,6121
安阳,2010,7058
安阳,2011,7387
安阳,2012,7555
安阳,2013,8037
安阳,2014,7138
安阳,2015,7030
安阳,2016,8908
安阳,2017,10890
安阳,2018,11429
安阳,2019,11822
安阳,2020,12384
安阳,2021,13120
安阳,2022,12917
安阳,2023,11540
安阳,2024,10998
安顺,2005,4347
安顺,2006,4913
安顺,2007,5641
安顺,2008,5458
安顺,2009,6816
安顺,2010,7709
安顺,2011,8247
安顺,2012,8386
安顺,2013,8968
安顺,2014,8166
安顺,2015,8440
安顺,2016,11286
安顺,2017,12608
安顺,2018,12893
安顺,2019,13119
安顺,2020,13053
安顺,2021,13254
安顺,2022,12475
安顺,2023,11567
安顺,2024,11674
宜宾,2005,4319
宜宾,2006,4815
宜宾,2007,5650
宜宾,2008,5309
宜宾,2009,5850
宜宾,2010,6372
宜宾,2011,6825
宜宾,2012,6985
宜宾,2013,7921
宜宾,2014,7238
宜宾,2015,7100
宜宾,2016,8760
宜宾,2017,9765
宜宾,2018,10282
宜宾,2019,10638
宜宾,2020,11380
宜宾,2021,11781
宜宾,2022,11212
宜宾,2023,10701
宜宾,2024,10256
宜昌,2005,4153
宜昌,2006,5082
宜昌,2007,6642
宜昌,2008,6802
宜昌,2009,8079
宜昌,2010,8961
宜昌,2011,9961
宜昌,2012,10301
宜昌,2013,11944
宜昌,2014,11096
宜昌,2015,10527
宜昌,2016,12505
宜昌,2017,14578
宜昌,2018,14418
宜昌,2019,14879
宜昌,2020,15179
宜昌,2021,15879
宜昌,2022,14704
宜昌,2023,13822
宜昌,2024,13974
宜春,2005,3979
宜春,2006,4495
宜春,2007,5318
宜春,2008,5116
宜春,2009,6164
宜春,2010,6864
宜春,2011,7486
宜春,2012,8195
宜春,2013,9222
宜春,2014,8392
宜春,2015,8080
宜春,2016,9551
宜春,2017,10856
宜春,2018,11770
宜春,2019,12796
宜春,2020,12790
宜春,2021,12279
宜春,2022,10912
宜春,2023,10495
宜春,2024,10104
宝鸡,2005,4574
宝鸡,2006,5014
宝鸡,2007,6057
宝鸡,2008,5747
宝鸡,2009,7221
宝鸡,2010,8098
宝鸡,2011,8877
宝鸡,2012,9525
宝鸡,2013,10601
宝鸡,2014,9504
宝鸡,2015,9163
宝鸡,2016,11098
宝鸡,2017,13315
宝鸡,2018,13642
宝鸡,2019,13744
宝鸡,2020,14956
宝鸡,2021,15584
宝鸡,2022,14364
宝鸡,2023,13871
宝鸡,2024,13081
宣城,2005,5181
宣城,2006,5854
宣城,2007,7268
宣城,2008,7161
宣城,2009,8409
宣城,2010,10042
宣城,2011,10187
宣城,2012,10681
宣城,2013,13248
宣城,2014,13297
宣城,2015,13209
宣城,2016,16253
宣城,2017,17325
宣城,2018,18623
宣城,2019,19841
宣城,2020,18812
宣城,2021,17924
宣城,2022,15465
宣城,2023,14332
宣城,2024,13291
宿迁,2005,4873
宿迁,2006,5338
宿迁,2007,6487
宿迁,2008,5665
宿迁,2009,6763
宿迁,2010,8070
宿迁,2011,8964
宿迁,2012,8962
宿迁,2013,9984
宿迁,2014,8946
宿迁,2015,9268
宿迁,2016,12073
宿迁,2017,13461
宿迁,2018,14431
宿迁,2019,15369
宿迁,2020,15843
宿迁,2021,14463
宿迁,2022,12897
宿迁,2023,12006
宿迁,2024,11155
岳阳,2005,4610
岳阳,2006,5278
岳阳,2007,6472
岳阳,2008,5816
岳阳,2009,6711
岳阳,2010,7552
岳阳,2011,7727
岳阳,2012,7840
岳阳,2013,8553
岳阳,2014,7898
岳阳,2015,8053
岳阳,2016,9847
岳阳,2017,11614
岳阳,2018,11904
岳阳,2019,12394
岳阳,2020,12757
岳阳,2021,13829
岳阳,2022,14048
岳阳,2023,14263
岳阳,2024,14850
巴中,2005,5480
巴中,2006,6205
巴中,2007,7539
巴中,2008,6891
巴中,2009,7804
巴中,2010,8629
巴中,2011,8947
巴中,2012,8386
巴中,2013,8712
巴中,2014,7360
巴中,2015,6945
巴中,2016,8551
巴中,2017,10088
巴中,2018,10468
巴中,2019,11627
巴中,2020,12345
巴中,2021,13039
巴中,2022,12264
巴中,2023,12052
巴中,2024,12837
巴彦淖尔,2005,5372
巴彦淖尔,2006,5967
巴彦淖尔,2007,7327
巴彦淖尔,2008,7718
巴彦淖尔,2009,9913
巴彦淖尔,2010,11699
巴彦淖尔,2011,12906
巴彦淖尔,2012,13332
巴彦淖尔,2013,14471
巴彦淖尔,2014,13401
巴彦淖尔,2015,12683
巴彦淖尔,2016,15332
巴彦淖尔,2017,17033
巴彦淖尔,2018,16852
巴彦淖尔,2019,17440
巴彦淖尔,2020,17275
巴彦淖尔,2021,17902
巴彦淖尔,2022,16910
巴彦淖尔,2023,15120
巴彦淖尔,2024,14503
常州,2005,4323
常州,2006,4543
常州,2007,5332
常州,2008,4692
常州,2009,5249
常州,2010,6172
常州,2011,7128
常州,2012,7619
常州,2013,8885
常州,2014,7643
常州,2015,7998
常州,2016,10164
常州,2017,11284
常州,2018,11977
常州,2019,12708
常州,2020,13169
常州,2021,13859
常州,2022,12958
常州,2023,12063
常州,2024,11755
常德,2005,4413
常德,2006,5215
常德,2007,6592
常德,2008,6762
常德,2009,8342
常德,2010,10075
常德,2011,11713
常德,2012,12644
常德,2013,14066
常德,2014,13318
常德,2015,12944
常德,2016,14701
常德,2017,15978
常德,2018,16681
常德,2019,18086
常德,2020,20326
常德,2021,19473
常德,2022,16274
常德,2023,14247
常德,2024,13393
平凉,2005,6868
平凉,2006,7366
平凉,2007,9402
平凉,2008,9423
平凉,2009,11413
平凉,2010,13279
平凉,2011,14009
平凉,2012,14130
平凉,2013,15398
平凉,2014,13684
平凉,2015,12676
平凉,2016,14914
平凉,2017,16329
平凉,2018,17313
平凉,2019,19239
平凉,2020,19522
平凉,2021,18792
平凉,2022,16841
平凉,2023,15296
平凉,2024,14763
平顶山,2005,4151
平顶山,2006,4965
平顶山,2007,6538
平顶山,2008,6596
平顶山,2009,7932
平顶山,2010,8516
平顶山,2011,8577
平顶山,2012,9006
平顶山,2013,9656
平顶山,2014,9580
平顶山,2015,9601
平顶山,2016,12173
平顶山,2017,13702
平顶山,2018,14461
平顶山,2019,16310
平顶山,2020,16839
平顶山,2021,17386
平顶山,2022,17015
平顶山,2023,16526
平顶山,2024,14799
广安,2005,6161
广安,2006,7229
广安,2007,8782
广安,2008,8751
广安,2009,10413
广安,2010,11951
广安,2011,12069
广安,2012,12667
广安,2013,14130
广安,2014,13484
广安,2015,12715
广安,2016,13952
广安,2017,15082
广安,2018,15866
广安,2019,17132
广安,2020,18186
广安,2021,18877
广安,2022,17257
广安,2023,15863
广安,2024,14893
广州,2005,5500
广州,2006,6888
广州,2007,9308
广州,2008,9419
广州,2009,12325
广州,2010,16438
广州,2011,19325
广州,2012,21545
广州,2013,24364
广州,2014,24550
广州,2015,25159
广州,2016,32615
广州,2017,36302
广州,2018,39412
广州,2019,42913
广州,2020,43622
广州,2021,47193
广州,2022,43023
广州,2023,41228
广州,2024,39415
庆阳,2005,4618
庆阳,2006,4903
庆阳,2007,5811
庆阳,2008,5073
庆阳,2009,6175
庆阳,2010,7378
庆阳,2011,8359
庆阳,2012,9615
庆阳,2013,11884
庆阳,2014,11980
庆阳,2015,12388
庆阳,2016,15320
庆阳,2017,17104
庆阳,2018,18524
庆阳,2019,18729
庆阳,2020,18140
庆阳,2021,16586
庆阳,2022,13687
庆阳,2023,11297
庆阳,2024,9867
廊坊,2005,4435
廊坊,2006,4836
廊坊,2007,6076
廊坊,2008,5973
廊坊,2009,7325
廊坊,2010,8519
廊坊,2011,9114
廊坊,2012,8945
廊坊,2013,9827
廊坊,2014,9110
廊坊,2015,8556
廊坊,2016,10150
廊坊,2017,10628
廊坊,2018,11668
廊坊,2019,12789
廊坊,2020,13932
廊坊,2021,14212
廊坊,2022,13089
廊坊,2023,12296
廊坊,2024,11440
延安,2005,4493
延安,2006,5035
延安,2007,6466
延安,2008,5967
延安,2009,7280
延安,2010,8460
延安,2011,9401
延安,2012,9941
延安,2013,10389
延安,2014,9453
延安,2015,9093
延安,2016,11205
延安,2017,12193
延安,2018,13138
延安,2019,13518
延安,2020,14036
延安,2021,13187
延安,2022,12085
延安,2023,10753
延安,2024,10253
开封,2005,3677
开封,2006,4120
开封,2007,4911
开封,2008,4632
开封,2009,5548
开封,2010,6396
开封,2011,6941
开封,2012,6907
开封,2013,7826
开封,2014,7419
开封,2015,7792
开封,2016,9619
开封,2017,11141
开封,2018,12103
开封,2019,13422
开封,2020,14910
开封,2021,15629
开封,2022,14101
开封,2023,12802
开封,2024,11681
张家口,2005,5078
张家口,2006,5292
张家口,2007,6034
张家口,2008,5387
张家口,2009,6352
张家口,2010,7100
张家口,2011,7501
张家口,2012,7656
张家口,2013,8978
张家口,2014,7952
张家口,2015,7235
张家口,2016,8171
张家口,2017,9169
张家口,2018,9404
张家口,2019,9851
张家口,2020,10529
张家口,2021,10985
张家口,2022,10128
张家口,2023,9254
张家口,2024,9349
张掖,2005,5532
张掖,2006,6078
张掖,2007,7747
张掖,2008,7551
张掖,2009,8476
张掖,2010,9510
张掖,2011,10335
张掖,2012,10261
张掖,2013,10615
张掖,2014,9395
张掖,2015,8904
张掖,2016,10662
张掖,2017,12121
张掖,2018,12758
张掖,2019,12429
张掖,2020,11782
张掖,2021,11514
张掖,2022,11538
张掖,2023,11076
张掖,2024,11579
徐州,2005,3839
徐州,2006,4495
徐州,2007,5730
徐州,2008,5644
徐州,2009,6651
徐州,2010,7857
徐州,2011,8627
徐州,2012,8410
徐州,2013,9708
徐州,2014,9448
徐州,2015,9524
徐州,2016,11858
徐州,2017,13629
徐州,2018,13883
徐州,2019,16187
徐州,2020,18419
徐州,2021,19304
徐州,2022,17464
徐州,2023,16519
徐州,2024,15407
德宏,2005,7852
德宏,2006,8751
德宏,2007,10697
德宏,2008,10392
德宏,2009,11229
德宏,2010,12268
德宏,2011,12489
德宏,2012,12837
德宏,2013,14380
德宏,2014,13323
德宏,2015,12502
德宏,2016,14652
德宏,2017,16699
德宏,2018,17311
德宏,2019,17323
德宏,2020,17581
德宏,2021,18951
德宏,2022,18161
德宏,2023,17206
德宏,2024,16147
德州,2005,3734
德州,2006,4333
德州,2007,5351
德州,2008,4688
德州,2009,5104
德州,2010,5837
德州,2011,6304
德州,2012,6658
德州,2013,7899
德州,2014,7080
德州,2015,6977
德州,2016,8802
德州,2017,10439
德州,2018,11190
德州,2019,12741
德州,2020,13522
德州,2021,13734
德州,2022,12109
德州,2023,11282
德州,2024,10435
德阳,2005,4082
德阳,2006,4430
德阳,2007,5418
德阳,2008,4865
德阳,2009,5302
德阳,2010,5533
德阳,2011,5852
德阳,2012,6015
德阳,2013,6199
德阳,2014,5541
德阳,2015,5122
德阳,2016,5825
德阳,2017,6580
德阳,2018,7276
德阳,2019,8174
德阳,2020,9241
德阳,2021,10008
德阳,2022,9782
德阳,2023,9396
德阳,2024,9195
怀化,2005,4525
怀化,2006,4634
怀化,2007,5496
怀化,2008,4817
怀化,2009,5493
怀化,2010,5941
怀化,2011,6616
怀化,2012,6543
怀化,2013,6850
怀化,2014,6085
怀化,2015,5613
怀化,2016,6634
怀化,2017,7868
怀化,2018,8903
怀化,2019,10297
怀化,2020,11218
怀化,2021,11741
怀化,2022,11607
怀化,2023,11551
怀化,2024,10528
惠州,2005,3095
惠州,2006,3580
惠州,2007,4297
惠州,2008,4100
惠州,2009,4837
惠州,2010,5701
惠州,2011,6847
惠州,2012,7763
惠州,2013,9030
惠州,2014,8806
惠州,2015,8884
惠州,2016,10728
惠州,2017,12304
惠州,2018,12534
惠州,2019,13557
惠州,2020,14251
惠州,2021,15164
惠州,2022,14865
惠州,2023,14599
惠州,2024,14335
成都,2005,3000
成都,2006,3478
成都,2007,4596
成都,2008,4537
成都,2009,5752
成都,2010,7097
成都,2011,8869
成都,2012,9406
成都,2013,11417
成都,2014,10927
成都,2015,11472
成都,2016,15370
成都,2017,17228
成都,2018,17901
成都,2019,19660
成都,2020,21824
成都,2021,23466
成都,2022,22486
成都,2023,22570
成都,2024,24878
扬州,2005,3603
扬州,2006,4125
扬州,2007,4713
扬州,2008,4185
扬州,2009,4505
扬州,2010,4697
扬州,2011,5064
扬州,2012,4951
扬州,2013,5280
扬州,2014,4583
扬州,2015,4104
扬州,2016,4813
扬州,2017,5811
扬州,2018,6738
扬州,2019,8053
扬州,2020,8969
扬州,2021,9210
扬州,2022,8737
扬州,2023,8660
扬州,2024,8917
承德,2005,6494
承德,2006,7000
承德,2007,9056
承德,2008,8985
承德,2009,10376
承德,2010,11501
承德,2011,11944
承德,2012,12410
承德,2013,13947
承德,2014,12973
承德,2015,12867
承德,2016,15337
承德,2017,16441
承德,2018,16068
承德,2019,16211
承德,2020,16476
承德,2021,16692
承德,2022,15249
承德,2023,14494
承德,2024,13677
抚州,2005,3916
抚州,2006,4419
抚州,2007,5544
抚州,2008,5415
抚州,2009,6226
抚州,2010,6757
抚州,2011,7105
抚州,2012,7445
抚州,2013,8367
抚州,2014,7472
抚州,2015,7310
抚州,2016,8838
抚州,2017,9728
抚州,2018,9904
抚州,2019,10628
抚州,2020,10637
抚州,2021,11035
抚州,2022,10245
抚州,2023,9951
抚州,2024,9757
抚顺,2005,4989
抚顺,2006,5717
抚顺,2007,6552
抚顺,2008,5692
抚顺,2009,6450
抚顺,2010,7297
抚顺,2011,7956
抚顺,2012,8617
抚顺,2013,9748
抚顺,2014,9507
抚顺,2015,9417
抚顺,2016,11257
抚顺,2017,12915
抚顺,2018,13149
抚顺,2019,13784
抚顺,2020,13848
抚顺,2021,14047
抚顺,2022,12659
抚顺,2023,11468
抚顺,2024,9828
揭阳,2005,5279
揭阳,2006,5873
揭阳,2007,7114
揭阳,2008,6837
揭阳,2009,8223
揭阳,2010,9217
揭阳,2011,9515
揭阳,2012,8807
揭阳,2013,9498
揭阳,2014,7737
揭阳,2015,6814
揭阳,2016,8154
揭阳,2017,9784
揭阳,2018,10761
揭阳,2019,12580
揭阳,2020,14720
揭阳,2021,16132
揭阳,2022,15134
揭阳,2023,14584
揭阳,2024,13309
文山,2005,4685
文山,2006,5093
文山,2007,6477
文山,2008,5997
文山,2009,6685
文山,2010,6853
文山,2011,7109
文山,2012,7414
文山,2013,8710
文山,2014,7962
文山,2015,8141
文山,2016,10585
文山,2017,12157
文山,2018,12630
文山,2019,13655
文山,2020,13872
文山,2021,14241
文山,2022,12425
文山,2023,11121
文山,2024,11149
新乡,2005,5159
新乡,2006,5854
新乡,2007,7500
新乡,2008,6853
新乡,2009,8272
新乡,2010,9762
新乡,2011,10922
新乡,2012,10943
新乡,2013,11875
新乡,2014,10125
新乡,2015,9602
新乡,2016,11449
新乡,2017,13262
新乡,2018,13465
新乡,2019,13382
新乡,2020,13498
新乡,2021,13540
新乡,2022,12394
新乡,2023,11561
新乡,2024,11283
无锡,2005,3800
无锡,2006,4118
无锡,2007,5022
无锡,2008,4753
无锡,2009,5489
无锡,2010,6198
无锡,2011,6952
无锡,2012,7034
无锡,2013,7627
无锡,2014,7369
无锡,2015,7821
无锡,2016,10155
无锡,2017,11760
无锡,2018,12518
无锡,2019,14117
无锡,2020,15159
无锡,2021,15551
无锡,2022,13324
无锡,2023,11904
无锡,2024,11733
日照,2005,4637
日照,2006,5071
日照,2007,6104
日照,2008,5934
日照,2009,7120
日照,2010,8082
日照,2011,7938
日照,2012,6845
日照,2013,6410
日照,2014,5225
日照,2015,5113
日照,2016,6082
日照,2017,7188
日照,2018,7694
日照,2019,8578
日照,2020,9480
日照,2021,9677
日照,2022,8982
日照,2023,8613
日照,2024,8987
昆明,2005,2400
昆明,2006,2934
昆明,2007,3798
昆明,2008,3616
昆明,2009,4276
昆明,2010,4950
昆明,2011,5346
昆明,2012,5339
昆明,2013,6058
昆明,2014,5962
昆明,2015,5717
昆明,2016,7484
昆明,2017,9015
昆明,2018,9774
昆明,2019,10383
昆明,2020,10766
昆明,2021,11276
昆明,2022,10653
昆明,2023,10508
昆明,2024,11313
晋中,2005,5475
晋中,2006,7153
晋中,2007,9831
晋中,2008,8849
晋中,2009,10283
晋中,2010,10848
晋中,2011,11251
晋中,2012,12366
晋中,2013,13310
晋中,2014,11935
晋中,2015,11806
晋中,2016,13336
晋中,2017,13709
晋中,2018,13395
晋中,2019,14046
晋中,2020,15058
晋中,2021,15223
晋中,2022,13873
晋中,2023,12886
晋中,2024,12750
晋城,2005,5198
晋城,2006,5664
晋城,2007,6507
晋城,2008,6103
晋城,2009,7271
晋城,2010,8326
晋城,2011,9452
晋城,2012,10308
晋城,2013,11316
晋城,2014,9988
晋城,2015,9854
晋城,2016,11511
晋城,2017,13335
晋城,2018,13781
晋城,2019,13634
晋城,2020,14393
晋城,2021,14590
晋城,2022,13768
晋城,2023,12265
晋城,2024,11802
普洱,2005,6153
普洱,2006,6681
普洱,2007,8122
普洱,2008,7667
普洱,2009,9341
普洱,2010,11239
普洱,2011,12071
普洱,2012,11924
普洱,2013,12071
普洱,2014,10411
普洱,2015,10061
普洱,2016,11639
普洱,2017,12539
普洱,2018,13330
普洱,2019,13492
普洱,2020,14183
普洱,2021,15184
普洱,2022,15234
普洱,2023,14796
普洱,2024,14262
景德镇,2005,7649
景德镇,2006,8484
景德镇,2007,10429
景德镇,2008,9927
景德镇,2009,12051
景德镇,2010,14108
景德镇,2011,15050
景德镇,2012,15940
景德镇,2013,16811
景德镇,2014,14787
景德镇,2015,14570
景德镇,2016,17228
景德镇,2017,19111
景德镇,2018,20023
景德镇,2019,20060
景德镇,2020,19284
景德镇,2021,17961
景德镇,2022,15742
景德镇,2023,14426
景德镇,2024,13258
曲靖,2005,4692
曲靖,2006,5298
曲靖,2007,6467
曲靖,2008,5879
曲靖,2009,6719
曲靖,2010,6984
曲靖,2011,7351
曲靖,2012,7513
曲靖,2013,7666
曲靖,2014,6778
曲靖,2015,6654
曲靖,2016,7950
曲靖,2017,8991
曲靖,2018,9129
曲靖,2019,10187
曲靖,2020,10553
曲靖,2021,11492
曲靖,2022,11116
曲靖,2023,11510
曲靖,2024,11578
本溪,2005,4685
本溪,2006,4878
本溪,2007,5747
本溪,2008,5205
本溪,2009,6588
本溪,2010,7489
本溪,2011,7543
本溪,2012,7477
本溪,2013,7542
本溪,2014,6466
本溪,2015,6357
本溪,2016,7848
本溪,2017,9233
本溪,2018,10038
本溪,2019,10914
本溪,2020,11502
本溪,2021,12532
本溪,2022,12493
本溪,2023,11989
本溪,2024,11581
杭州,2005,5000
杭州,2006,5759
杭州,2007,7158
杭州,2008,7224
杭州,2009,9926
杭州,2010,12253
杭州,2011,14453
杭州,2012,15858
杭州,2013,18607
杭州,2014,17723
杭州,2015,18249
杭州,2016,22397
杭州,2017,26791
杭州,2018,29040
杭州,2019,32881
杭州,2020,37307
杭州,2021,40451
杭州,2022,39982
杭州,2023,37885
杭州,2024,36331
松原,2005,4142
松原,2006,4927
松原,2007,6247
松原,2008,6193
松原,2009,6863
松原,2010,7574
松原,2011,8025
松原,2012,7753
松原,2013,7899
松原,2014,6930
松原,2015,6138
松原,2016,7184
松原,2017,8124
松原,2018,8144
松原,2019,8868
松原,2020,9281
松原,2021,9918
松原,2022,9715
松原,2023,9160
松原,2024,9179
柳州,2005,4480
柳州,2006,5405
柳州,2007,7482
柳州,2008,7748
柳州,2009,9605
柳州,2010,11081
柳州,2011,11776
柳州,2012,12281
柳州,2013,13394
柳州,2014,12488
柳州,2015,12497
柳州,2016,14509
柳州,2017,16153
柳州,2018,18207
柳州,2019,18950
柳州,2020,18677
柳州,2021,18528
柳州,2022,16569
柳州,2023,15115
柳州,2024,14060
株洲,2005,4471
株洲,2006,4807
株洲,2007,5586
株洲,2008,5373
株洲,2009,6256
株洲,2010,6404
株洲,2011,6746
株洲,2012,6535
株洲,2013,7351
株洲,2014,6947
株洲,2015,6772
株洲,2016,8409
株洲,2017,10252
株洲,2018,11394
株洲,2019,12622
株洲,2020,12977
株洲,2021,12815
株洲,2022,11873
株洲,2023,11110
株洲,2024,10476
桂林,2005,5089
桂林,2006,5930
桂林,2007,7497
桂林,2008,6942
桂林,2009,7967
桂林,2010,8425
桂林,2011,8998
桂林,2012,9162
桂林,2013,10060
桂林,2014,9344
桂林,2015,9607
桂林,2016,11513
桂林,2017,12841
桂林,2018,13650
桂林,2019,14482
桂林,2020,15513
桂林,2021,15228
桂林,2022,15032
桂林,2023,15145
桂林,2024,15273
梅州,2005,4365
梅州,2006,4874
梅州,2007,5796
梅州,2008,5839
梅州,2009,7488
梅州,2010,8818
梅州,2011,9430
梅州,2012,9713
梅州,2013,10945
梅州,2014,10560
梅州,2015,10298
梅州,2016,13370
梅州,2017,15571
梅州,2018,16797
梅州,2019,17842
梅州,2020,17702
梅州,2021,18251
梅州,2022,16709
梅州,2023,15250
梅州,2024,15108
梧州,2005,4908
梧州,2006,6228
梧州,2007,7871
梧州,2008,7444
梧州,2009,8410
梧州,2010,8745
梧州,2011,9817
梧州,2012,9681
梧州,2013,9648
梧州,2014,9033
梧州,2015,9230
梧州,2016,11526
梧州,2017,13720
梧州,2018,14584
梧州,2019,14816
梧州,2020,15423
梧州,2021,14988
梧州,2022,13554
梧州,2023,12366
梧州,2024,11000
榆林,2005,5369
榆林,2006,6200
榆林,2007,7530
榆林,2008,6619
榆林,2009,7216
榆林,2010,7749
榆林,2011,7875
榆林,2012,7690
榆林,2013,8472
榆林,2014,7668
榆林,2015,7247
榆林,2016,8824
榆林,2017,10230
榆林,2018,10928
榆林,2019,12403
榆林,2020,12556
榆林,2021,13223
榆林,2022,12310
榆林,2023,11994
榆林,2024,12365
武威,2005,5502
武威,2006,6424
武威,2007,8125
武威,2008,7267
武威,2009,8633
武威,2010,9890
武威,2011,10358
武威,2012,10806
武威,2013,12073
武威,2014,11191
武威,2015,10828
武威,2016,12506
武威,2017,13918
武威,2018,14146
武威,2019,14945
武威,2020,14696
武威,2021,14437
武威,2022,13354
武威,2023,12022
武威,2024,10632
武汉,2005,3200
武汉,2006,4102
武汉,2007,5414
武汉,2008,5651
武汉,2009,6150
武汉,2010,6761
武汉,2011,7691
武汉,2012,8173
武汉,2013,10610
武汉,2014,11191
武汉,2015,12033
武汉,2016,14719
武汉,2017,18017
武汉,2018,19232
武汉,2019,21336
武汉,2020,24570
武汉,2021,27219
武汉,2022,28625
武汉,2023,29691
武汉,2024,31028
毕节,2005,4289
毕节,2006,4830
毕节,2007,5938
毕节,2008,5871
毕节,2009,6995
毕节,2010,7726
毕节,2011,7845
毕节,2012,7723
毕节,2013,7845
毕节,2014,7436
毕节,2015,7269
毕节,2016,8878
毕节,2017,9870
毕节,2018,11414
毕节,2019,13440
毕节,2020,15115
毕节,2021,16362
毕节,2022,15303
毕节,2023,14593
毕节,2024,13983
永州,2005,3971
永州,2006,4868
永州,2007,5758
永州,2008,5514
永州,2009,6519
永州,2010,7130
永州,2011,8050
永州,2012,8893
永州,2013,10850
永州,2014,10440
永州,2015,10826
永州,2016,13661
永州,2017,15245
永州,2018,16006
永州,2019,16817
永州,2020,16754
永州,2021,16987
永州,2022,15653
永州,2023,14322
永州,2024,13532
汉中,2005,4589
汉中,2006,4942
汉中,2007,5534
汉中,2008,5145
汉中,2009,6355
汉中,2010,7331
汉中,2011,8627
汉中,2012,9446
汉中,2013,10312
汉中,2014,9406
汉中,2015,8848
汉中,2016,10738
汉中,2017,12473
汉中,2018,14235
汉中,2019,16118
汉中,2020,17856
汉中,2021,18211
汉中,2022,16339
汉中,2023,14397
汉中,2024,12714
汕头,2005,3945
汕头,2006,4495
汕头,2007,5794
汕头,2008,5569
汕头,2009,6577
汕头,2010,7605
汕头,2011,8556
汕头,2012,9316
汕头,2013,10512
汕头,2014,9332
汕头,2015,8917
汕头,2016,10409
汕头,2017,12155
汕头,2018,13264
汕头,2019,14602
汕头,2020,15501
汕头,2021,16844
汕头,2022,15377
汕头,2023,14941
汕头,2024,14679
江门,2005,4251
江门,2006,4925
江门,2007,6026
江门,2008,5834
江门,2009,6972
江门,2010,7605
江门,2011,8130
江门,2012,7694
江门,2013,8300
江门,2014,6684
江门,2015,5630
江门,2016,6684
江门,2017,7705
江门,2018,8631
江门,2019,9647
江门,2020,10755
江门,2021,11590
江门,2022,11740
江门,2023,11233
江门,2024,10490
池州,2005,6310
池州,2006,7191
池州,2007,9705
池州,2008,9623
池州,2009,12171
池州,2010,14225
池州,2011,15231
池州,2012,14659
池州,2013,15126
池州,2014,13557
池州,2015,12754
池州,2016,14977
池州,2017,16488
池州,2018,18439
池州,2019,20234
池州,2020,19544
池州,2021,18150
池州,2022,16761
池州,2023,14454
池州,2024,12703
沈阳,2005,2800
沈阳,2006,3087
沈阳,2007,3853
沈阳,2008,3846
沈阳,2009,4628
沈阳,2010,5689
沈阳,2011,6814
沈阳,2012,7857
沈阳,2013,8914
沈阳,2014,8617
沈阳,2015,8482
沈阳,2016,10185
沈阳,2017,11425
沈阳,2018,12508
沈阳,2019,14217
沈阳,2020,15285
沈阳,2021,15770
沈阳,2022,14202
沈阳,2023,12492
沈阳,2024,11579
沧州,2005,3949
沧州,2006,4586
沧州,2007,5728
沧州,2008,5680
沧州,2009,7208
沧州,2010,8389
沧州,2011,8910
沧州,2012,9276
沧州,2013,10658
沧州,2014,10136
沧州,2015,10619
沧州,2016,13479
沧州,2017,16506
沧州,2018,18590
沧州,2019,19315
沧州,2020,19517
沧州,2021,19037
沧州,2022,17830
沧州,2023,15643
沧州,2024,14053
河池,2005,5392
河池,2006,5990
河池,2007,7460
河池,2008,7289
河池,2009,8529
河池,2010,10239
河池,2011,11334
河池,2012,11260
河池,2013,11986
河池,2014,10748
河池,2015,10196
河池,2016,12134
河池,2017,12898
河池,2018,13731
河池,2019,14057
河池,2020,14717
河池,2021,15494
河池,2022,13296
河池,2023,11995
河池,2024,11105
河源,2005,4656
河源,2006,5370
河源,2007,6810
河源,2008,7068
河源,2009,8933
河源,2010,10816
河源,2011,12230
河源,2012,12779
河源,2013,13802
河源,2014,12342
河源,2015,11811
河源,2016,14274
河源,2017,14949
河源,2018,15736
河源,2019,15307
河源,2020,16242
河源,2021,16288
河源,2022,14329
河源,2023,13110
河源,2024,10957
泉州,2005,3762
泉州,2006,4143
泉州,2007,5015
泉州,2008,4462
泉州,2009,5738
泉州,2010,6361
泉州,2011,6966
泉州,2012,7107
泉州,2013,7874
泉州,2014,7444
泉州,2015,6899
泉州,2016,9153
泉州,2017,11444
泉州,2018,12250
泉州,2019,12757
泉州,2020,13644
泉州,2021,12994
泉州,2022,11596
泉州,2023,10714
泉州,2024,10187
泰安,2005,3663
泰安,2006,4179
泰安,2007,5034
泰安,2008,4594
泰安,2009,5386
泰安,2010,6197
泰安,2011,6888
泰安,2012,7581
泰安,2013,8955
泰安,2014,8658
泰安,2015,8345
泰安,2016,9487
泰安,2017,9074
泰安,2018,9199
泰安,2019,9851
泰安,2020,10563
泰安,2021,11448
泰安,2022,10982
泰安,2023,10345
泰安,2024,10373
泸州,2005,4854
泸州,2006,5330
泸州,2007,6300
泸州,2008,5799
泸州,2009,6515
泸州,2010,7135
泸州,2011,6847
泸州,2012,6687
泸州,2013,6985
泸州,2014,6641
泸州,2015,6699
泸州,2016,9076
泸州,2017,10576
泸州,2018,12241
泸州,2019,14188
泸州,2020,14936
泸州,2021,15160
泸州,2022,14220
泸州,2023,13525
泸州,2024,12692
洛阳,2005,3971
洛阳,2006,4769
洛阳,2007,6629
洛阳,2008,6376
洛阳,2009,7756
洛阳,2010,9450
洛阳,2011,10537
洛阳,2012,11430
洛阳,2013,12468
洛阳,2014,11173
洛阳,2015,11113
洛阳,2016,12665
洛阳,2017,13560
洛阳,2018,14414
洛阳,2019,16098
洛阳,2020,17493
洛阳,2021,18525
洛阳,2022,16752
洛阳,2023,16019
洛阳,2024,14748
济南,2005,2500
济南,2006,3146
济南,2007,4279
济南,2008,4270
济南,2009,5344
济南,2010,5721
济南,2011,6187
济南,2012,6440
济南,2013,6661
济南,2014,6163
济南,2015,6253
济南,2016,7524
济南,2017,8630
济南,2018,9463
济南,2019,10634
济南,2020,11839
济南,2021,12135
济南,2022,10933
济南,2023,9893
济南,2024,8763
济宁,2005,3814
济宁,2006,4352
济宁,2007,5525
济宁,2008,5277
济宁,2009,6239
济宁,2010,7088
济宁,2011,7474
济宁,2012,8065
济宁,2013,8689
济宁,2014,7385
济宁,2015,6565
济宁,2016,7774
济宁,2017,9155
济宁,2018,10227
济宁,2019,11943
济宁,2020,13912
济宁,2021,14646
济宁,2022,13561
济宁,2023,12824
济宁,2024,12667
海口,2005,2200
海口,2006,2622
海口,2007,3385
海口,2008,3307
海口,2009,4210
海口,2010,5228
海口,2011,5886
海口,2012,6362
海口,2013,6950
海口,2014,6436
海口,2015,6491
海口,2016,7937
海口,2017,9275
海口,2018,10254
海口,2019,11409
海口,2020,12542
海口,2021,14089
海口,2022,13159
海口,2023,13034
海口,2024,13161
淄博,2005,3946
淄博,2006,4872
淄博,2007,6229
淄博,2008,6053
淄博,2009,6976
淄博,2010,7683
淄博,2011,8010
淄博,2012,8236
淄博,2013,8788
淄博,2014,7529
淄博,2015,7012
淄博,2016,7861
淄博,2017,8328
淄博,2018,9033
淄博,2019,9703
淄博,2020,10324
淄博,2021,11155
淄博,2022,10842
淄博,2023,9857
淄博,2024,8785
淮南,2005,4986
淮南,2006,5846
淮南,2007,7356
淮南,2008,7097
淮南,2009,8029
淮南,2010,8405
淮南,2011,8787
淮南,2012,9116
淮南,2013,9805
淮南,2014,9191
淮南,2015,8718
淮南,2016,10489
淮南,2017,11786
淮南,2018,11732
淮南,2019,12339
淮南,2020,12986
淮南,2021,12862
淮南,2022,12101
淮南,2023,11450
淮南,2024,10552
淮安,2005,4650
淮安,2006,5296
淮安,2007,6671
淮安,2008,6329
淮安,2009,7453
淮安,2010,8863
淮安,2011,10414
淮安,2012,10011
淮安,2013,10151
淮安,2014,8590
淮安,2015,8064
淮安,2016,10308
淮安,2017,12379
淮安,2018,12984
淮安,2019,14324
淮安,2020,15682
淮安,2021,15525
淮安,2022,12791
淮安,2023,11790
淮安,2024,11405
深圳,2005,7200
深圳,2006,8755
深圳,2007,12178
深圳,2008,12440
深圳,2009,16205
深圳,2010,18501
深圳,2011,19919
深圳,2012,21625
深圳,2013,24960
深圳,2014,23407
深圳,2015,23520
深圳,2016,31838
深圳,2017,40222
深圳,2018,49441
深圳,2019,59885
深圳,2020,71682
深圳,2021,81431
深圳,2022,83324
深圳,2023,81381
深圳,2024,84651
清远,2005,4264
清远,2006,4903
清远,2007,6158
清远,2008,5697
清远,2009,6473
清远,2010,7362
清远,2011,8340
清远,2012,8503
清远,2013,8862
清远,2014,7942
清远,2015,7958
清远,2016,10207
清远,2017,12296
清远,2018,13510
清远,2019,15165
清远,2020,17398
清远,2021,18826
清远,2022,17577
清远,2023,14815
清远,2024,13458
温州,2005,3477
温州,2006,4109
温州,2007,5467
温州,2008,5045
温州,2009,6180
温州,2010,7815
温州,2011,9725
温州,2012,10405
温州,2013,11940
温州,2014,12062
温州,2015,12491
温州,2016,15921
温州,2017,17838
温州,2018,17196
温州,2019,16738
温州,2020,16353
温州,2021,16919
温州,2022,15477
温州,2023,14898
温州,2024,14143
渭南,2005,4960
渭南,2006,5772
渭南,2007,6844
渭南,2008,6452
渭南,2009,7434
渭南,2010,8903
渭南,2011,10023
渭南,2012,10250
渭南,2013,11364
渭南,2014,9720
渭南,2015,9726
渭南,2016,11713
渭南,2017,13856
渭南,2018,15799
渭南,2019,18176
渭南,2020,18345
渭南,2021,17507
渭南,2022,14854
渭南,2023,12164
渭南,2024,10862
湖州,2005,6280
湖州,2006,6682
湖州,2007,8125
湖州,2008,8087
湖州,2009,10019
湖州,2010,11629
湖州,2011,12730
湖州,2012,13302
湖州,2013,15017
湖州,2014,12943
湖州,2015,12009
湖州,2016,14107
湖州,2017,16044
湖州,2018,16048
湖州,2019,16339
湖州,2020,16501
湖州,2021,17718
湖州,2022,16785
湖州,2023,15150
湖州,2024,13068
湘潭,2005,5318
湘潭,2006,5921
湘潭,2007,6676
湘潭,2008,6283
湘潭,2009,7683
湘潭,2010,9046
湘潭,2011,9346
湘潭,2012,9787
湘潭,2013,10703
湘潭,2014,9775
湘潭,2015,9383
湘潭,2016,11903
湘潭,2017,13863
湘潭,2018,15278
湘潭,2019,16508
湘潭,2020,16807
湘潭,2021,16670
湘潭,2022,15533
湘潭,2023,14672
湘潭,2024,14207
湛江,2005,4173
湛江,2006,4755
湛江,2007,5850
湛江,2008,5473
湛江,2009,6408
湛江,2010,8192
湛江,2011,9407
湛江,2012,10216
湛江,2013,11506
湛江,2014,10320
湛江,2015,9491
湛江,2016,10483
湛江,2017,10649
湛江,2018,10575
湛江,2019,11369
湛江,2020,11751
湛江,2021,12534
湛江,2022,12599
湛江,2023,12030
湛江,2024,12190
滨州,2005,6015
滨州,2006,6500
滨州,2007,7850
滨州,2008,7103
滨州,2009,8262
滨州,2010,9305
滨州,2011,9535
滨州,2012,10028
滨州,2013,10844
滨州,2014,9746
滨州,2015,9643
滨州,2016,11885
滨州,2017,14624
滨州,2018,15363
滨州,2019,15944
滨州,2020,16622
滨州,2021,16984
滨州,2022,16996
滨州,2023,16373
滨州,2024,15385
漯河,2005,4887
漯河,2006,5533
漯河,2007,6822
漯河,2008,6171
漯河,2009,7246
漯河,2010,7708
漯河,2011,8583
漯河,2012,8535
漯河,2013,9207
漯河,2014,8783
漯河,2015,8884
漯河,2016,11035
漯河,2017,12902
漯河,2018,14648
漯河,2019,16224
漯河,2020,16673
漯河,2021,16956
漯河,2022,14603
漯河,2023,13293
漯河,2024,11992
漳州,2005,3295
漳州,2006,3729
漳州,2007,4588
漳州,2008,4263
漳州,2009,4850
漳州,2010,5217
漳州,2011,5152
漳州,2012,5157
漳州,2013,5641
漳州,2014,5176
漳州,2015,4974
漳州,2016,5998
漳州,2017,7169
漳州,2018,8015
漳州,2019,8988
漳州,2020,9469
漳州,2021,9584
漳州,2022,9091
漳州,2023,8473
漳州,2024,7969
潍坊,2005,3770
潍坊,2006,4507
潍坊,2007,5874
潍坊,2008,6230
潍坊,2009,7863
潍坊,2010,9485
潍坊,2011,10181
潍坊,2012,10303
潍坊,2013,11365
潍坊,2014,10623
潍坊,2015,10417
潍坊,2016,12447
潍坊,2017,14395
潍坊,2018,15154
潍坊,2019,16004
潍坊,2020,15838
潍坊,2021,15848
潍坊,2022,13771
潍坊,2023,12979
潍坊,2024,12206
潮州,2005,5016
潮州,2006,5310
潮州,2007,6746
潮州,2008,6553
潮州,2009,7707
潮州,2010,9317
潮州,2011,9464
潮州,2012,8545
潮州,2013,9141
潮州,2014,8175
潮州,2015,8400
潮州,2016,10795
潮州,2017,13259
潮州,2018,15837
潮州,2019,17707
潮州,2020,17419
潮州,2021,16813
潮州,2022,15844
潮州,2023,14849
潮州,2024,13590
澳门,2005,32832
澳门,2006,38771
澳门,2007,47636
澳门,2008,44786
澳门,2009,50062
澳门,2010,51583
澳门,2011,52516
澳门,2012,53178
澳门,2013,58322
澳门,2014,50923
澳门,2015,52862
澳门,2016,68997
澳门,2017,86075
澳门,2018,88860
澳门,2019,94716
澳门,2020,103231
澳门,2021,105802
澳门,2022,95876
澳门,2023,93785
澳门,2024,98000
濮阳,2005,4199
濮阳,2006,4736
濮阳,2007,5963
濮阳,2008,5837
濮阳,2009,6806
濮阳,2010,7451
濮阳,2011,7820
濮阳,2012,7777
濮阳,2013,8580
濮阳,2014,7867
濮阳,2015,7679
濮阳,2016,9559
濮阳,2017,10737
濮阳,2018,11257
濮阳,2019,13280
濮阳,2020,14603
濮阳,2021,15827
濮阳,2022,14855
濮阳,2023,13709
濮阳,2024,13031
烟台,2005,3579
烟台,2006,3978
烟台,2007,4698
烟台,2008,4026
烟台,2009,4736
烟台,2010,5668
烟台,2011,6169
烟台,2012,6630
烟台,2013,7661
烟台,2014,6904
烟台,2015,7002
烟台,2016,9042
烟台,2017,10721
烟台,2018,12694
烟台,2019,14061
烟台,2020,15128
烟台,2021,16031
烟台,2022,15393
烟台,2023,14190
烟台,2024,14044
焦作,2005,4966
焦作,2006,5967
焦作,2007,7825
焦作,2008,7614
焦作,2009,9372
焦作,2010,10805
焦作,2011,12026
焦作,2012,13029
焦作,2013,14484
焦作,2014,13598
焦作,2015,12390
焦作,2016,14425
焦作,2017,15575
焦作,2018,14330
焦作,2019,14131
焦作,2020,14663
焦作,2021,15519
焦作,2022,14390
焦作,2023,13376
焦作,2024,12699
牡丹江,2005,5000
牡丹江,2006,5609
牡丹江,2007,7494
牡丹江,2008,7534
牡丹江,2009,8722
牡丹江,2010,9650
牡丹江,2011,9903
牡丹江,2012,9395
牡丹江,2013,10079
牡丹江,2014,8925
牡丹江,2015,8444
牡丹江,2016,9999
牡丹江,2017,11704
牡丹江,2018,12969
牡丹江,2019,14408
牡丹江,2020,14384
牡丹江,2021,13291
牡丹江,2022,12356
牡丹江,2023,12281
牡丹江,2024,11788
玉林,2005,4240
玉林,2006,5186
玉林,2007,6347
玉林,2008,6112
玉林,2009,7715
玉林,2010,9010
玉林,2011,9932
玉林,2012,10440
玉林,2013,11468
玉林,2014,10579
玉林,2015,10408
玉林,2016,12652
玉林,2017,14475
玉林,2018,15254
玉林,2019,16335
玉林,2020,16441
玉林,2021,16733
玉林,2022,16248
玉林,2023,15743
玉林,2024,14827
玉溪,2005,5739
玉溪,2006,6812
玉溪,2007,8537
玉溪,2008,7845
玉溪,2009,8810
玉溪,2010,9571
玉溪,2011,9884
玉溪,2012,10237
玉溪,2013,10475
玉溪,2014,9499
玉溪,2015,9118
玉溪,2016,10564
玉溪,2017,11827
玉溪,2018,12783
玉溪,2019,14527
玉溪,2020,15791
玉溪,2021,16601
玉溪,2022,15032
玉溪,2023,13185
玉溪,2024,12043
珠海,2005,3200
珠海,2006,3621
珠海,2007,4622
珠海,2008,4670
珠海,2009,5520
珠海,2010,5924
珠海,2011,6544
珠海,2012,6965
珠海,2013,7485
珠海,2014,7506
珠海,2015,7778
珠海,2016,9735
珠海,2017,11938
珠海,2018,12775
珠海,2019,14025
珠海,2020,14591
珠海,2021,14890
珠海,2022,13524
珠海,2023,12543
珠海,2024,12030
白城,2005,4467
白城,2006,4745
白城,2007,5245
白城,2008,4528
白城,2009,5081
白城,2010,5852
白城,2011,6463
白城,2012,6948
白城,2013,7617
白城,2014,7042
白城,2015,6856
白城,2016,8120
白城,2017,8833
白城,2018,8844
白城,2019,8974
白城,2020,9075
白城,2021,9145
白城,2022,8554
白城,2023,8057
白城,2024,8110
白山,2005,6302
白山,2006,6979
白山,2007,7655
白山,2008,6538
白山,2009,7746
白山,2010,8797
白山,2011,9155
白山,2012,9516
白山,2013,10797
白山,2014,9554
白山,2015,8885
白山,2016,10403
白山,2017,11619
白山,2018,12548
白山,2019,12673
白山,2020,13743
白山,2021,13703
白山,2022,12705
白山,2023,12192
白山,2024,11473
百色,2005,4588
百色,2006,5139
百色,2007,5973
百色,2008,5616
百色,2009,7019
百色,2010,8270
百色,2011,9050
百色,2012,9418
百色,2013,10316
百色,2014,9768
百色,2015,9288
百色,2016,11461
百色,2017,13006
百色,2018,13844
百色,2019,15236
百色,2020,15978
百色,2021,16620
百色,2022,16212
百色,2023,15297
百色,2024,14538
益阳,2005,4457
益阳,2006,5524
益阳,2007,6892
益阳,2008,6758
益阳,2009,8089
益阳,2010,8920
益阳,2011,9293
益阳,2012,9294
益阳,2013,10205
益阳,2014,9253
益阳,2015,9335
益阳,2016,10938
益阳,2017,12671
益阳,2018,13814
益阳,2019,14196
益阳,2020,14204
益阳,2021,14041
益阳,2022,13422
益阳,2023,12057
益阳,2024,11512
盐城,2005,4069
盐城,2006,4751
盐城,2007,5747
盐城,2008,5235
盐城,2009,5501
盐城,2010,6008
盐城,2011,6239
盐城,2012,6165
盐城,2013,7577
盐城,2014,7574
盐城,2015,7760
盐城,2016,9840
盐城,2017,11766
盐城,2018,12537
盐城,2019,13469
盐城,2020,14235
盐城,2021,14495
盐城,2022,13877
盐城,2023,13258
盐城,2024,13159
盘锦,2005,6474
盘锦,2006,7787
盘锦,2007,9058
盘锦,2008,7951
盘锦,2009,9040
盘锦,2010,9674
盘锦,2011,10491
盘锦,2012,10691
盘锦,2013,11209
盘锦,2014,10025
盘锦,2015,8800
盘锦,2016,9672
盘锦,2017,10650
盘锦,2018,11264
盘锦,2019,11753
盘锦,2020,12037
盘锦,2021,11682
盘锦,2022,11834
盘锦,2023,11826
盘锦,2024,12044
眉山,2005,6344
眉山,2006,7651
眉山,2007,9970
眉山,2008,10005
眉山,2009,11970
眉山,2010,13802
眉山,2011,14100
眉山,2012,12485
眉山,2013,12882
眉山,2014,11132
眉山,2015,11261
眉山,2016,14731
眉山,2017,16527
眉山,2018,16556
眉山,2019,16877
眉山,2020,17502
眉山,2021,18377
眉山,2022,17109
眉山,2023,15206
眉山,2024,13166
石家庄,2005,3537
石家庄,2006,4289
石家庄,2007,5065
石家庄,2008,4819
石家庄,2009,5733
石家庄,2010,6632
石家庄,2011,7519
石家庄,2012,7616
石家庄,2013,9333
石家庄,2014,8908
石家庄,2015,8787
石家庄,2016,10458
石家庄,2017,11613
石家庄,2018,11898
石家庄,2019,12594
石家庄,2020,12944
石家庄,2021,13089
石家庄,2022,12445
石家庄,2023,12981
石家庄,2024,12979
石河子,2005,6563
石河子,2006,7556
石河子,2007,9626
石河子,2008,8802
石河子,2009,9751
石河子,2010,10694
石河子,2011,11414
石河子,2012,12434
石河子,2013,13712
石河子,2014,13009
石河子,2015,13227
石河子,2016,15415
石河子,2017,17414
石河子,2018,17473
石河子,2019,18440
石河子,2020,19695
石河子,2021,19908
石河子,2022,16672
石河子,2023,15435
石河子,2024,14135
福州,2005,2700
福州,2006,3145
福州,2007,3928
福州,2008,3668
福州,2009,4342
福州,2010,5007
福州,2011,5812
福州,2012,6268
福州,2013,6984
福州,2014,6387
福州,2015,6317
福州,2016,8395
福州,2017,10166
福州,2018,11104
福州,2019,12663
福州,2020,14130
福州,2021,14675
福州,2022,15309
福州,2023,15177
福州,2024,14662
秦皇岛,2005,4527
秦皇岛,2006,5310
秦皇岛,2007,7185
秦皇岛,2008,6642
秦皇岛,2009,8523
秦皇岛,2010,9600
秦皇岛,2011,10069
秦皇岛,2012,10237
秦皇岛,2013,10985
秦皇岛,2014,9355
秦皇岛,2015,8648
秦皇岛,2016,9823
秦皇岛,2017,11816
秦皇岛,2018,12572
秦皇岛,2019,14475
秦皇岛,2020,16075
秦皇岛,2021,15716
秦皇岛,2022,13627
秦皇岛,2023,11992
秦皇岛,2024,10818
红河,2005,3539
红河,2006,4005
红河,2007,4613
红河,2008,4482
红河,2009,5286
红河,2010,6007
红河,2011,6420
红河,2012,7089
红河,2013,7892
红河,2014,7316
红河,2015,7435
红河,2016,8831
红河,2017,10438
红河,2018,10381
红河,2019,10565
红河,2020,11290
红河,2021,12065
红河,2022,11430
红河,2023,11144
红河,2024,10986
绍兴,2005,4395
绍兴,2006,4965
绍兴,2007,5789
绍兴,2008,5252
绍兴,2009,6185
绍兴,2010,6721
绍兴,2011,7530
绍兴,2012,7642
绍兴,2013,8476
绍兴,2014,8206
绍兴,2015,8442
绍兴,2016,10397
绍兴,2017,12233
绍兴,2018,12846
绍兴,2019,14033
绍兴,2020,14608
绍兴,2021,14222
绍兴,2022,12616
绍兴,2023,10832
绍兴,2024,10243
绵阳,2005,4200
绵阳,2006,4843
绵阳,2007,5898
绵阳,2008,5396
绵阳,2009,7188
绵阳,2010,8461
绵阳,2011,9223
绵阳,2012,9558
绵阳,2013,10394
绵阳,2014,9615
绵阳,2015,10142
绵阳,2016,12771
绵阳,2017,14437
绵阳,2018,15206
绵阳,2019,15670
绵阳,2020,16599
绵阳,2021,16575
绵阳,2022,14984
绵阳,2023,13326
绵阳,2024,11370
聊城,2005,3628
聊城,2006,4269
聊城,2007,5124
聊城,2008,4525
聊城,2009,5003
聊城,2010,5012
聊城,2011,4995
聊城,2012,4980
聊城,2013,5456
聊城,2014,4877
聊城,2015,4751
聊城,2016,5961
聊城,2017,7046
聊城,2018,8092
聊城,2019,9036
聊城,2020,9464
聊城,2021,10256
聊城,2022,9883
聊城,2023,9339
聊城,2024,9058
肇庆,2005,4599
肇庆,2006,5319
肇庆,2007,6816
肇庆,2008,7011
肇庆,2009,8484
肇庆,2010,9752
肇庆,2011,10975
肇庆,2012,11388
肇庆,2013,12820
肇庆,2014,11103
肇庆,2015,9356
肇庆,2016,11127
肇庆,2017,12622
肇庆,2018,12824
肇庆,2019,13887
肇庆,2020,15266
肇庆,2021,14798
肇庆,2022,12681
肇庆,2023,11581
肇庆,2024,10523
自贡,2005,5909
自贡,2006,6082
自贡,2007,7146
自贡,2008,6615
自贡,2009,8212
自贡,2010,9159
自贡,2011,9939
自贡,2012,10135
自贡,2013,10731
自贡,2014,9302
自贡,2015,8908
自贡,2016,10397
自贡,2017,11678
自贡,2018,13516
自贡,2019,15606
自贡,2020,17108
自贡,2021,17332
自贡,2022,15562
自贡,2023,14177
自贡,2024,13868
舟山,2005,5557
舟山,2006,6402
舟山,2007,7652
舟山,2008,6973
舟山,2009,7772
舟山,2010,9070
舟山,2011,9641
舟山,2012,10058
舟山,2013,11200
舟山,2014,10335
舟山,2015,10551
舟山,2016,12595
舟山,2017,14191
舟山,2018,14040
舟山,2019,14795
舟山,2020,15415
舟山,2021,15953
舟山,2022,14774
舟山,2023,12865
舟山,2024,11904
芜湖,2005,4694
芜湖,2006,5464
芜湖,2007,6835
芜湖,2008,6386
芜湖,2009,7528
芜湖,2010,8432
芜湖,2011,8611
芜湖,2012,8555
芜湖,2013,9059
芜湖,2014,8255
芜湖,2015,8029
芜湖,2016,9548
芜湖,2017,10511
芜湖,2018,11745
芜湖,2019,13247
芜湖,2020,14235
芜湖,2021,14689
芜湖,2022,13640
芜湖,2023,12918
芜湖,2024,11971
苏州,2005,4500
苏州,2006,5574
苏州,2007,7094
苏州,2008,7515
苏州,2009,9230
苏州,2010,10859
苏州,2011,12758
苏州,2012,13536
苏州,2013,16080
苏州,2014,14994
苏州,2015,15674
苏州,2016,20632
苏州,2017,25105
苏州,2018,29626
苏州,2019,35201
苏州,2020,39476
苏州,2021,43798
苏州,2022,43420
苏州,2023,41588
苏州,2024,41831
茂名,2005,5390
茂名,2006,5808
茂名,2007,7669
茂名,2008,7255
茂名,2009,7861
茂名,2010,8749
茂名,2011,9009
茂名,2012,8698
茂名,2013,9737
茂名,2014,9017
茂名,2015,8769
茂名,2016,9821
茂名,2017,10556
茂名,2018,11182
茂名,2019,12408
茂名,2020,13147
茂名,2021,13119
茂名,2022,11946
茂名,2023,11347
茂名,2024,11739
荆州,2005,4876
荆州,2006,5141
荆州,2007,6517
荆州,2008,6141
荆州,2009,7403
荆州,2010,8910
荆州,2011,10357
荆州,2012,10743
荆州,2013,10948
荆州,2014,9080
荆州,2015,8619
荆州,2016,10601
荆州,2017,11801
荆州,2018,12321
荆州,2019,12820
荆州,2020,13534
荆州,2021,14423
荆州,2022,13917
荆州,2023,12598
荆州,2024,11211
莆田,2005,4286
莆田,2006,4794
莆田,2007,5812
莆田,2008,5331
莆田,2009,6067
莆田,2010,6653
莆田,2011,6964
莆田,2012,7109
莆田,2013,7784
莆田,2014,7219
莆田,2015,6934
莆田,2016,8598
莆田,2017,10053
莆田,2018,11239
莆田,2019,11374
莆田,2020,11282
莆田,2021,11137
莆田,2022,9647
莆田,2023,8786
莆田,2024,8228
萍乡,2005,5802
萍乡,2006,6347
萍乡,2007,7224
萍乡,2008,6007
萍乡,2009,6452
萍乡,2010,7290
萍乡,2011,7658
萍乡,2012,7845
萍乡,2013,8974
萍乡,2014,8208
萍乡,2015,8103
萍乡,2016,9431
萍乡,2017,10662
萍乡,2018,10534
萍乡,2019,10664
萍乡,2020,10995
萍乡,2021,12031
萍乡,2022,11296
萍乡,2023,10533
萍乡,2024,10785
营口,2005,5290
营口,2006,5859
营口,2007,7090
营口,2008,6657
营口,2009,7428
营口,2010,8083
营口,2011,8980
营口,2012,9998
营口,2013,11625
营口,2014,11022
营口,2015,10774
营口,2016,12869
营口,2017,14251
营口,2018,15195
营口,2019,15973
营口,2020,15590
营口,2021,15336
营口,2022,14140
营口,2023,13341
营口,2024,13531
葫芦岛,2005,4942
葫芦岛,2006,5639
葫芦岛,2007,7411
葫芦岛,2008,7384
葫芦岛,2009,9402
葫芦岛,2010,10858
葫芦岛,2011,11722
葫芦岛,2012,12501
葫芦岛,2013,13866
葫芦岛,2014,12525
葫芦岛,2015,11987
葫芦岛,2016,14370
葫芦岛,2017,16648
葫芦岛,2018,17332
葫芦岛,2019,18000
葫芦岛,2020,17802
葫芦岛,2021,18209
葫芦岛,2022,16731
葫芦岛,2023,15489
葫芦岛,2024,13855
蚌埠,2005,5447
蚌埠,2006,5758
蚌埠,2007,7042
蚌埠,2008,6571
蚌埠,2009,7803
蚌埠,2010,8506
蚌埠,2011,9080
蚌埠,2012,8976
蚌埠,2013,9979
蚌埠,2014,8854
蚌埠,2015,8988
蚌埠,2016,11513
蚌埠,2017,14058
蚌埠,2018,14877
蚌埠,2019,14568
蚌埠,2020,14903
蚌埠,2021,14482
蚌埠,2022,12284
蚌埠,2023,11149
蚌埠,2024,10612
衡水,2005,5004
衡水,2006,5696
衡水,2007,6933
衡水,2008,5726
衡水,2009,5867
衡水,2010,6360
衡水,2011,6997
衡水,2012,7371
衡水,2013,8074
衡水,2014,7498
衡水,2015,7318
衡水,2016,8759
衡水,2017,10745
衡水,2018,11672
衡水,2019,12134
衡水,2020,12334
衡水,2021,13060
衡水,2022,12803
衡水,2023,12374
衡水,2024,11913
衡阳,2005,4800
衡阳,2006,5827
衡阳,2007,7698
衡阳,2008,7777
衡阳,2009,9997
衡阳,2010,11615
衡阳,2011,12302
衡阳,2012,11734
衡阳,2013,12654
衡阳,2014,11317
衡阳,2015,10668
衡阳,2016,11617
衡阳,2017,11630
衡阳,2018,11754
衡阳,2019,11692
衡阳,2020,11648
衡阳,2021,12024
衡阳,2022,11742
衡阳,2023,11228
衡阳,2024,12030
衢州,2005,4872
衢州,2006,5272
衢州,2007,6469
衢州,2008,6336
衢州,2009,7487
衢州,2010,8549
衢州,2011,9654
衢州,2012,10300
衢州,2013,11191
衢州,2014,9899
衢州,2015,9437
衢州,2016,10940
衢州,2017,11819
衢州,2018,12777
衢州,2019,14242
衢州,2020,15790
衢州,2021,16485
衢州,2022,15013
衢州,2023,14008
衢州,2024,13603
襄阳,2005,4148
襄阳,2006,4446
襄阳,2007,5450
襄阳,2008,5255
襄阳,2009,5984
襄阳,2010,6625
襄阳,2011,6674
襄阳,2012,6636
襄阳,2013,7391
襄阳,2014,6705
襄阳,2015,6610
襄阳,2016,8429
襄阳,2017,9986
襄阳,2018,10995
襄阳,2019,12351
襄阳,2020,13757
襄阳,2021,14972
襄阳,2022,13572
襄阳,2023,12442
襄阳,2024,11825
西双版纳,2005,5939
西双版纳,2006,6535
西双版纳,2007,7717
西双版纳,2008,7267
西双版纳,2009,8350
西双版纳,2010,9007
西双版纳,2011,9520
西双版纳,2012,9722
西双版纳,2013,10500
西双版纳,2014,9578
西双版纳,2015,9403
西双版纳,2016,11391
西双版纳,2017,13729
西双版纳,2018,15569
西双版纳,2019,15765
西双版纳,2020,15031
西双版纳,2021,14511
西双版纳,2022,12517
西双版纳,2023,11360
西双版纳,2024,10363
西宁,2005,5005
西宁,2006,5417
西宁,2007,6556
西宁,2008,6084
西宁,2009,6502
西宁,2010,7487
西宁,2011,7928
西宁,2012,7478
西宁,2013,7318
西宁,2014,6874
西宁,2015,6558
西宁,2016,8195
西宁,2017,9829
西宁,2018,10483
西宁,2019,11528
西宁,2020,13406
西宁,2021,14033
西宁,2022,13100
西宁,2023,12709
西宁,2024,12202
西安,2005,2700
西安,2006,3291
西安,2007,4382
西安,2008,4251
西安,2009,5193
西安,2010,6378
西安,2011,7325
西安,2012,8435
西安,2013,10090
西安,2014,9846
西安,2015,9763
西安,2016,12216
西安,2017,13655
西安,2018,14404
西安,2019,15412
西安,2020,15357
西安,2021,15337
西安,2022,15784
西安,2023,16374
西安,2024,16217
西藏,2005,7212
西藏,2006,8081
西藏,2007,9749
西藏,2008,9230
西藏,2009,9651
西藏,2010,10871
西藏,2011,11421
西藏,2012,11089
西藏,2013,11329
西藏,2014,10177
西藏,2015,9428
西藏,2016,11034
西藏,2017,13289
西藏,2018,14614
西藏,2019,15418
西藏,2020,14712
西藏,2021,13905
西藏,2022,12720
西藏,2023,12799
西藏,2024,12500
许昌,2005,4535
许昌,2006,5064
许昌,2007,5984
许昌,2008,5924
许昌,2009,6859
许昌,2010,8007
许昌,2011,8931
许昌,2012,9565
许昌,2013,10022
许昌,2014,8634
许昌,2015,8436
许昌,2016,10777
许昌,2017,13000
许昌,2018,13371
许昌,2019,14477
许昌,2020,16013
许昌,2021,16444
许昌,2022,15884
许昌,2023,15264
许昌,2024,13872
贵阳,2005,4447
贵阳,2006,5159
贵阳,2007,6177
贵阳,2008,6265
贵阳,2009,8027
贵阳,2010,9283
贵阳,2011,9289
贵阳,2012,8745
贵阳,2013,10208
贵阳,2014,10378
贵阳,2015,11288
贵阳,2016,13601
贵阳,2017,15420
贵阳,2018,16220
贵阳,2019,17823
贵阳,2020,17802
贵阳,2021,17259
贵阳,2022,13792
贵阳,2023,12457
贵阳,2024,11390
贺州,2005,5387
贺州,2006,6347
贺州,2007,7871
贺州,2008,7640
贺州,2009,9123
贺州,2010,9735
贺州,2011,9286
贺州,2012,8767
贺州,2013,9101
贺州,2014,8616
贺州,2015,8112
贺州,2016,9470
贺州,2017,11436
贺州,2018,12416
贺州,2019,13452
贺州,2020,13745
贺州,2021,14214
贺州,2022,12940
贺州,2023,11917
贺州,2024,11647
赣州,2005,4004
赣州,2006,4638
赣州,2007,6112
赣州,2008,5417
赣州,2009,6279
赣州,2010,6981
赣州,2011,7413
赣州,2012,7464
赣州,2013,8298
赣州,2014,8189
赣州,2015,8537
赣州,2016,10807
赣州,2017,12328
赣州,2018,13199
赣州,2019,14130
赣州,2020,14272
赣州,2021,14740
赣州,2022,14387
赣州,2023,13350
赣州,2024,12333
赤峰,2005,4705
赤峰,2006,5370
赤峰,2007,6491
赤峰,2008,6149
赤峰,2009,7217
赤峰,2010,8328
赤峰,2011,9047
赤峰,2012,9374
赤峰,2013,9860
赤峰,2014,9117
赤峰,2015,8518
赤峰,2016,10197
赤峰,2017,11677
赤峰,2018,12501
赤峰,2019,14581
赤峰,2020,15809
赤峰,2021,16392
赤峰,2022,15794
赤峰,2023,15074
赤峰,2024,14384
辽源,2005,7237
辽源,2006,8475
辽源,2007,10282
辽源,2008,9439
辽源,2009,9989
辽源,2010,10122
辽源,2011,9606
辽源,2012,8724
辽源,2013,9207
辽源,2014,8301
辽源,2015,8035
辽源,2016,9700
辽源,2017,11399
辽源,2018,11937
辽源,2019,12501
辽源,2020,12936
辽源,2021,12819
辽源,2022,12445
辽源,2023,12860
辽源,2024,12543
达州,2005,3257
达州,2006,3713
达州,2007,4625
达州,2008,4465
达州,2009,5742
达州,2010,6819
达州,2011,7502
达州,2012,7992
达州,2013,8935
达州,2014,8278
达州,2015,8446
达州,2016,10212
达州,2017,11956
达州,2018,13239
达州,2019,14510
达州,2020,15210
达州,2021,15630
达州,2022,14131
达州,2023,12932
达州,2024,12630
运城,2005,4700
运城,2006,5178
运城,2007,5612
运城,2008,5314
运城,2009,6684
运城,2010,7666
运城,2011,7760
运城,2012,7430
运城,2013,8505
运城,2014,8332
运城,2015,8495
运城,2016,10590
运城,2017,12672
运城,2018,13314
运城,2019,14448
运城,2020,15637
运城,2021,17324
运城,2022,16331
运城,2023,15003
运城,2024,14218
连云港,2005,4009
连云港,2006,4466
连云港,2007,5617
连云港,2008,5437
连云港,2009,6567
连云港,2010,7804
连云港,2011,9150
连云港,2012,9327
连云港,2013,10028
连云港,2014,9004
连云港,2015,8734
连云港,2016,10973
连云港,2017,11898
连云港,2018,11454
连云港,2019,11570
连云港,2020,11586
连云港,2021,11877
连云港,2022,11807
连云港,2023,11270
连云港,2024,10948
通化,2005,5894
通化,2006,6993
通化,2007,9135
通化,2008,8841
通化,2009,10799
通化,2010,12037
通化,2011,12608
通化,2012,12483
通化,2013,13136
通化,2014,12098
通化,2015,12142
通化,2016,15056
通化,2017,17998
通化,2018,18583
通化,2019,18594
通化,2020,18561
通化,2021,19732
通化,2022,17503
通化,2023,14966
通化,2024,13198
通辽,2005,5478
通辽,2006,5744
通辽,2007,6841
通辽,2008,5797
通辽,2009,6194
通辽,2010,6321
通辽,2011,6166
通辽,2012,6560
通辽,2013,7784
通辽,2014,7613
通辽,2015,7756
通辽,2016,9637
通辽,2017,11118
通辽,2018,11807
通辽,2019,12257
通辽,2020,12917
通辽,2021,13316
通辽,2022,11816
通辽,2023,11270
通辽,2024,11871
遵义,2005,3458
遵义,2006,3855
遵义,2007,4836
遵义,2008,4754
遵义,2009,5573
遵义,2010,6601
遵义,2011,7275
遵义,2012,7765
遵义,2013,8654
遵义,2014,7909
遵义,2015,7560
遵义,2016,8456
遵义,2017,8939
遵义,2018,9817
遵义,2019,10648
遵义,2020,11437
遵义,2021,12505
遵义,2022,11525
遵义,2023,10811
遵义,2024,10269
邢台,2005,3561
邢台,2006,4513
邢台,2007,6149
邢台,2008,5873
邢台,2009,6510
邢台,2010,7132
邢台,2011,7596
邢台,2012,7722
邢台,2013,8381
邢台,2014,7953
邢台,2015,7561
邢台,2016,9410
邢台,2017,10820
邢台,2018,11422
邢台,2019,13403
邢台,2020,14946
邢台,2021,15162
邢台,2022,13361
邢台,2023,12594
邢台,2024,12926
邯郸,2005,3515
邯郸,2006,4000
邯郸,2007,5022
邯郸,2008,4829
邯郸,2009,5782
邯郸,2010,6524
邯郸,2011,7146
邯郸,2012,7545
邯郸,2013,9195
邯郸,2014,8751
邯郸,2015,8867
邯郸,2016,11059
邯郸,2017,12522
邯郸,2018,13152
邯郸,2019,13978
邯郸,2020,14332
邯郸,2021,15652
邯郸,2022,14640
邯郸,2023,13341
邯郸,2024,12161
邵阳,2005,4906
邵阳,2006,5670
邵阳,2007,7034
邵阳,2008,6541
邵阳,2009,7471
邵阳,2010,8404
邵阳,2011,8205
邵阳,2012,8454
邵阳,2013,9430
邵阳,2014,9118
邵阳,2015,9151
邵阳,2016,10979
邵阳,2017,12417
邵阳,2018,13218
邵阳,2019,13693
邵阳,2020,13879
邵阳,2021,13282
邵阳,2022,11336
邵阳,2023,10293
邵阳,2024,9914
郑州,2005,2400
郑州,2006,2913
郑州,2007,3751
郑州,2008,3785
郑州,2009,4753
郑州,2010,5643
郑州,2011,6087
郑州,2012,6144
郑州,2013,6680
郑州,2014,6387
郑州,2015,6324
郑州,2016,7485
郑州,2017,8670
郑州,2018,9948
郑州,2019,10826
郑州,2020,10793
郑州,2021,10999
郑州,2022,10380
郑州,2023,10654
郑州,2024,9668
郴州,2005,5116
郴州,2006,5603
郴州,2007,6967
郴州,2008,6662
郴州,2009,8422
郴州,2010,9717
郴州,2011,10301
郴州,2012,10675
郴州,2013,11495
郴州,2014,10889
郴州,2015,10247
郴州,2016,12004
郴州,2017,13538
郴州,2018,13636
郴州,2019,14447
郴州,2020,14677
郴州,2021,14005
郴州,2022,14031
郴州,2023,12717
郴州,2024,12079
鄂尔多斯,2005,4849
鄂尔多斯,2006,5840
鄂尔多斯,2007,7860
鄂尔多斯,2008,7593
鄂尔多斯,2009,9575
鄂尔多斯,2010,11284
鄂尔多斯,2011,12587
鄂尔多斯,2012,12556
鄂尔多斯,2013,12513
鄂尔多斯,2014,11645
鄂尔多斯,2015,11836
鄂尔多斯,2016,14321
鄂尔多斯,2017,15796
鄂尔多斯,2018,16647
鄂尔多斯,2019,16876
鄂尔多斯,2020,17413
鄂尔多斯,2021,16779
鄂尔多斯,2022,14965
鄂尔多斯,2023,13356
鄂尔多斯,2024,12845
鄂州,2005,5573
鄂州,2006,5610
鄂州,2007,6214
鄂州,2008,5587
鄂州,2009,6200
鄂州,2010,7189
鄂州,2011,7786
鄂州,2012,8114
鄂州,2013,9003
鄂州,2014,8411
鄂州,2015,8226
鄂州,2016,9994
鄂州,2017,11713
鄂州,2018,11699
鄂州,2019,12153
鄂州,2020,12407
鄂州,2021,13556
鄂州,2022,11906
鄂州,2023,10527
鄂州,2024,9660
酒泉,2005,5668
酒泉,2006,6443
酒泉,2007,8021
酒泉,2008,7608
酒泉,2009,8998
酒泉,2010,10404
酒泉,2011,11411
酒泉,2012,10937
酒泉,2013,11147
酒泉,2014,9545
酒泉,2015,8865
酒泉,2016,10460
酒泉,2017,11895
酒泉,2018,12764
酒泉,2019,14048
酒泉,2020,14683
酒泉,2021,14551
酒泉,2022,12834
酒泉,2023,11215
酒泉,2024,9824
重庆,2005,2500
重庆,2006,2918
重庆,2007,3559
重庆,2008,3469
重庆,2009,3974
重庆,2010,4451
重庆,2011,4584
重庆,2012,4718
重庆,2013,5092
重庆,2014,4531
重庆,2015,4292
重庆,2016,5354
重庆,2017,6362
重庆,2018,7280
重庆,2019,8896
重庆,2020,10234
重庆,2021,11103
重庆,2022,11402
重庆,2023,11648
重庆,2024,11579
金华,2005,3970
金华,2006,4698
金华,2007,6226
金华,2008,6008
金华,2009,7441
金华,2010,8517
金华,2011,9380
金华,2012,9606
金华,2013,11015
金华,2014,10252
金华,2015,10327
金华,2016,11923
金华,2017,13536
金华,2018,14534
金华,2019,14853
金华,2020,15057
金华,2021,14772
金华,2022,14348
金华,2023,13210
金华,2024,12399
钦州,2005,4742
钦州,2006,5327
钦州,2007,6690
钦州,2008,6432
钦州,2009,8017
钦州,2010,9254
钦州,2011,10519
钦州,2012,10294
钦州,2013,10052
钦州,2014,8631
钦州,2015,8156
钦州,2016,10536
钦州,2017,11553
钦州,2018,13064
钦州,2019,14471
钦州,2020,15125
钦州,2021,14639
钦州,2022,13030
钦州,2023,12080
钦州,2024,11336
铜仁,2005,5272
铜仁,2006,5764
铜仁,2007,6710
铜仁,2008,6558
铜仁,2009,8196
铜仁,2010,9173
铜仁,2011,9851
铜仁,2012,11207
铜仁,2013,13418
铜仁,2014,12744
铜仁,2015,12626
铜仁,2016,15153
铜仁,2017,16299
铜仁,2018,17303
铜仁,2019,18494
铜仁,2020,18623
铜仁,2021,19213
铜仁,2022,17436
铜仁,2023,15102
铜仁,2024,14175
铜陵,2005,5704
铜陵,2006,6507
铜陵,2007,8083
铜陵,2008,7728
铜陵,2009,8910
铜陵,2010,10632
铜陵,2011,11597
铜陵,2012,12195
铜陵,2013,13863
铜陵,2014,12924
铜陵,2015,12244
铜陵,2016,13551
铜陵,2017,13808
铜陵,2018,13651
铜陵,2019,14377
铜陵,2020,14852
铜陵,2021,15808
铜陵,2022,14973
铜陵,2023,14023
铜陵,2024,14028
银川,2005,5762
银川,2006,6500
银川,2007,7420
银川,2008,7041
银川,2009,7927
银川,2010,8714
银川,2011,9014
银川,2012,8256
银川,2013,9076
银川,2014,8086
银川,2015,7814
银川,2016,8716
银川,2017,9950
银川,2018,10210
银川,2019,10620
银川,2020,10980
银川,2021,11323
银川,2022,10283
银川,2023,10013
银川,2024,9987
锦州,2005,6101
锦州,2006,6567
锦州,2007,8036
锦州,2008,7455
锦州,2009,8385
锦州,2010,9195
锦州,2011,10018
锦州,2012,10703
锦州,2013,11875
锦州,2014,11727
锦州,2015,12195
锦州,2016,14669
锦州,2017,15793
锦州,2018,16787
锦州,2019,18136
锦州,2020,19120
锦州,2021,18856
锦州,2022,16155
锦州,2023,14593
锦州,2024,13996
镇江,2005,5430
镇江,2006,5835
镇江,2007,7128
镇江,2008,6455
镇江,2009,7697
镇江,2010,8577
镇江,2011,8785
镇江,2012,8261
镇江,2013,8498
镇江,2014,7507
镇江,2015,7677
镇江,2016,8652
镇江,2017,9381
镇江,2018,9538
镇江,2019,10262
镇江,2020,11340
镇江,2021,11475
镇江,2022,11023
镇江,2023,10494
镇江,2024,10959
长春,2005,2300
长春,2006,2928
长春,2007,3726
长春,2008,3678
长春,2009,4126
长春,2010,4725
长春,2011,4788
长春,2012,4873
长春,2013,5660
长春,2014,5341
长春,2015,5295
长春,2016,7091
长春,2017,8508
长春,2018,9351
长春,2019,11180
长春,2020,12518
长春,2021,13733
长春,2022,12680
长春,2023,12177
长春,2024,12418
长沙,2005,2600
长沙,2006,3200
长沙,2007,4047
长沙,2008,3944
长沙,2009,4754
长沙,2010,5006
长沙,2011,5111
长沙,2012,4997
长沙,2013,5500
长沙,2014,5223
长沙,2015,5278
长沙,2016,6655
长沙,2017,7937
长沙,2018,8780
长沙,2019,9424
长沙,2020,10617
长沙,2021,11851
长沙,2022,10837
长沙,2023,10129
长沙,2024,9787
长治,2005,5743
长治,2006,6251
长治,2007,7818
长治,2008,7269
长治,2009,8696
长治,2010,10260
长治,2011,10547
长治,2012,10958
长治,2013,11908
长治,2014,10406
长治,2015,9654
长治,2016,11878
长治,2017,14200
长治,2018,14468
长治,2019,16585
长治,2020,17301
长治,2021,16724
长治,2022,14852
长治,2023,14058
长治,2024,13379
阜阳,2005,4009
阜阳,2006,4765
阜阳,2007,6434
阜阳,2008,6325
阜阳,2009,7136
阜阳,2010,7430
阜阳,2011,7604
阜阳,2012,7734
阜阳,2013,8414
阜阳,2014,7868
阜阳,2015,7746
阜阳,2016,10083
阜阳,2017,12333
阜阳,2018,13431
阜阳,2019,15237
阜阳,2020,15692
阜阳,2021,16548
阜阳,2022,14950
阜阳,2023,13687
阜阳,2024,13325
阳江,2005,5724
阳江,2006,6146
阳江,2007,7075
阳江,2008,6668
阳江,2009,7513
阳江,2010,8268
阳江,2011,9384
阳江,2012,9384
阳江,2013,10753
阳江,2014,10489
阳江,2015,10326
阳江,2016,11787
阳江,2017,13569
阳江,2018,14155
阳江,2019,15079
阳江,2020,15101
阳江,2021,14936
阳江,2022,13213
阳江,2023,11869
阳江,2024,11810
阳泉,2005,5940
阳泉,2006,7163
阳泉,2007,9761
阳泉,2008,9922
阳泉,2009,12546
阳泉,2010,15551
阳泉,2011,16717
阳泉,2012,16228
阳泉,2013,17076
阳泉,2014,14597
阳泉,2015,12683
阳泉,2016,13988
阳泉,2017,14871
阳泉,2018,14975
阳泉,2019,16318
阳泉,2020,17895
阳泉,2021,18006
阳泉,2022,16499
阳泉,2023,14698
阳泉,2024,13285
阿拉善,2005,6035
阿拉善,2006,6932
阿拉善,2007,8746
阿拉善,2008,8430
阿拉善,2009,9178
阿拉善,2010,8973
阿拉善,2011,9028
阿拉善,2012,9129
阿拉善,2013,9166
阿拉善,2014,8655
阿拉善,2015,8374
阿拉善,2016,9208
阿拉善,2017,9669
阿拉善,2018,10265
阿拉善,2019,11123
阿拉善,2020,11275
阿拉善,2021,11786
阿拉善,2022,11141
阿拉善,2023,10779
阿拉善,2024,10461
雅安,2005,5527
雅安,2006,6501
雅安,2007,8614
雅安,2008,8979
雅安,2009,10696
雅安,2010,11740
雅安,2011,12266
雅安,2012,12291
雅安,2013,12270
雅安,2014,10784
雅安,2015,10601
雅安,2016,12520
雅安,2017,14733
雅安,2018,16093
雅安,2019,16102
雅安,2020,16019
雅安,2021,16276
雅安,2022,14024
雅安,2023,12266
雅安,2024,11140
青岛,2005,3200
青岛,2006,3754
青岛,2007,5040
青岛,2008,5603
青岛,2009,7219
青岛,2010,8601
青岛,2011,9878
青岛,2012,10609
青岛,2013,12193
青岛,2014,12125
青岛,2015,13011
青岛,2016,16203
青岛,2017,19807
青岛,2018,20992
青岛,2019,21916
青岛,2020,23138
青岛,2021,23625
青岛,2022,23227
青岛,2023,23167
青岛,2024,23982
鞍山,2005,4951
鞍山,2006,5832
鞍山,2007,7059
鞍山,2008,7018
鞍山,2009,7890
鞍山,2010,8503
鞍山,2011,8542
鞍山,2012,8459
鞍山,2013,9065
鞍山,2014,7757
鞍山,2015,7333
鞍山,2016,9061
鞍山,2017,10707
鞍山,2018,12161
鞍山,2019,13602
鞍山,2020,14583
鞍山,2021,15037
鞍山,2022,14405
鞍山,2023,13735
鞍山,2024,12602
韶关,2005,6083
韶关,2006,6882
韶关,2007,8157
韶关,2008,7572
韶关,2009,8459
韶关,2010,9094
韶关,2011,9690
韶关,2012,10011
韶关,2013,11684
韶关,2014,10872
韶关,2015,10649
韶关,2016,12056
韶关,2017,12842
韶关,2018,12500
韶关,2019,13974
韶关,2020,15253
韶关,2021,15328
韶关,2022,14091
韶关,2023,13341
韶关,2024,12529
香港,2005,20310
香港,2006,23268
香港,2007,32226
香港,2008,34123
香港,2009,45855
香港,2010,61530
香港,2011,77219
香港,2012,87044
香港,2013,98058
香港,2014,91052
香港,2015,86868
香港,2016,108450
香港,2017,133544
香港,2018,142460
香港,2019,163395
香港,2020,176030
香港,2021,183699
香港,2022,171730
香港,2023,163507
香港,2024,165000
马鞍山,2005,5246
马鞍山,2006,5789
马鞍山,2007,7120
马鞍山,2008,6905
马鞍山,2009,8059
马鞍山,2010,9177
马鞍山,2011,9358
马鞍山,2012,8854
马鞍山,2013,9689
马鞍山,2014,8481
马鞍山,2015,8020
马鞍山,2016,9435
马鞍山,2017,10688
马鞍山,2018,11452
马鞍山,2019,12270
马鞍山,2020,12116
马鞍山,2021,11641
马鞍山,2022,10241
马鞍山,2023,9652
马鞍山,2024,9093
驻马店,2005,3399
驻马店,2006,3934
驻马店,2007,5129
驻马店,2008,4702
驻马店,2009,5370
驻马店,2010,6246
驻马店,2011,6723
驻马店,2012,6729
驻马店,2013,7540
驻马店,2014,7317
驻马店,2015,7210
驻马店,2016,8498
驻马店,2017,9689
驻马店,2018,10261
驻马店,2019,11835
驻马店,2020,13027
驻马店,2021,13084
驻马店,2022,12667
驻马店,2023,11922
驻马店,2024,11617
鸡西,2005,5860
鸡西,2006,6866
鸡西,2007,8783
鸡西,2008,8358
鸡西,2009,9657
鸡西,2010,10275
鸡西,2011,10579
鸡西,2012,11189
鸡西,2013,12262
鸡西,2014,11508
鸡西,2015,10959
鸡西,2016,13563
鸡西,2017,16698
鸡西,2018,17894
鸡西,2019,19020
鸡西,2020,20358
鸡西,2021,19905
鸡西,2022,17585
鸡西,2023,15096
鸡西,2024,13071
鹤壁,2005,5873
鹤壁,2006,6350
鹤壁,2007,7918
鹤壁,2008,7639
鹤壁,2009,8893
鹤壁,2010,10026
鹤壁,2011,10047
鹤壁,2012,9492
鹤壁,2013,9266
鹤壁,2014,8474
鹤壁,2015,7637
鹤壁,2016,8452
鹤壁,2017,9432
鹤壁,2018,10074
鹤壁,2019,11044
鹤壁,2020,12187
鹤壁,2021,12368
鹤壁,2022,11721
鹤壁,2023,10784
鹤壁,2024,10180
黄冈,2005,4152
黄冈,2006,4729
黄冈,2007,5520
黄冈,2008,5370
黄冈,2009,6570
黄冈,2010,7449
黄冈,2011,8099
黄冈,2012,8438
黄冈,2013,10381
黄冈,2014,10373
黄冈,2015,10064
黄冈,2016,12025
黄冈,2017,12929
黄冈,2018,12786
黄冈,2019,13172
黄冈,2020,14019
黄冈,2021,14404
黄冈,2022,13146
黄冈,2023,11335
黄冈,2024,10273
黄山,2005,6772
黄山,2006,7563
黄山,2007,8843
黄山,2008,7921
黄山,2009,8333
黄山,2010,9032
黄山,2011,9230
黄山,2012,8672
黄山,2013,8760
黄山,2014,7812
黄山,2015,7771
黄山,2016,9721
黄山,2017,10852
黄山,2018,11558
黄山,2019,13184
黄山,2020,15074
黄山,2021,16113
黄山,2022,16625
黄山,2023,15124
黄山,2024,13561
黄石,2005,5145
黄石,2006,5868
黄石,2007,7211
黄石,2008,6697
黄石,2009,7899
黄石,2010,9115
黄石,2011,9930
黄石,2012,10068
黄石,2013,11359
黄石,2014,10526
黄石,2015,9902
黄石,2016,11600
黄石,2017,12760
黄石,2018,13235
黄石,2019,14749
黄石,2020,17525
黄石,2021,18729
黄石,2022,16417
黄石,2023,14026
黄石,2024,12396
齐齐哈尔,2005,4445
齐齐哈尔,2006,5105
齐齐哈尔,2007,6147
齐齐哈尔,2008,5789
齐齐哈尔,2009,6929
齐齐哈尔,2010,8154
齐齐哈尔,2011,8803
齐齐哈尔,2012,8726
齐齐哈尔,2013,9864
齐齐哈尔,2014,8964
齐齐哈尔,2015,8468
齐齐哈尔,2016,9797
齐齐哈尔,2017,11661
齐齐哈尔,2018,12870
齐齐哈尔,2019,14209
齐齐哈尔,2020,15164
齐齐哈尔,2021,14977
齐齐哈尔,2022,13306
齐齐哈尔,2023,11819
齐齐哈尔,2024,10983
龙岩,2005,4241
龙岩,2006,4527
龙岩,2007,5442
龙岩,2008,4724
龙岩,2009,5542
龙岩,2010,6180
龙岩,2011,6477
龙岩,2012,6372
龙岩,2013,6996
龙岩,2014,6879
龙岩,2015,7248
龙岩,2016,9610
龙岩,2017,11197
龙岩,2018,12021
龙岩,2019,13316
龙岩,2020,13943
龙岩,2021,13363
龙岩,2022,12064
龙岩,2023,10883
龙岩,2024,9996
