city,industry,category,share_pct,avg_salary,demand_index,growth_pct,education,skills
三亚,冷链物流,现代物流,21.1,6500,81.5,1.5,大专及以上,供应链管理|仓储运营|路径优化|WMS系统
三亚,装饰装修与建材,建筑地产,19.7,7400,36.0,-3.3,大专及以上,结构设计|施工管理|项目管理|招投标
三亚,旅行社与旅游产品,文化旅游,17.6,6700,44.8,0.5,大专及以上,酒店运营|客户服务|目的地营销|外语能力
三明,通用设备制造,高端装备制造,27.9,8100,73.9,4.2,大专及以上,PLC控制|精益生产|数控编程|设备调试
三明,再生资源利用,新材料与环保,17.0,9300,71.8,5.6,硕士及以上,环境工程|工艺优化|实验室管理|碳中和核算
三明,白酒与酿造,农业食品,15.7,6400,58.4,1.6,大专及以上,质量检测|食品安全法规|供应链管理|品牌营销
上海,冷链物流,现代物流,10.6,16700,81.0,1.2,大专及以上,仓储运营|国际货代|WMS系统|关务合规
上海,互联网平台运营,信息技术,10.0,31500,88.2,5.7,本科及以上,数据分析|机器学习|云计算|系统架构
上海,职业与技能培训,教育培训,9.3,19800,42.9,1.0,本科及以上,教学设计|课程研发|教育心理学|学生管理
上海,动力电池与储能,汽车与新能源,8.9,28000,66.9,5.4,本科及以上,三电系统|嵌入式开发|电池技术|自动驾驶
上海,证券与基金服务,金融商务,7.3,28900,68.6,2.8,本科及以上,财务分析|风险控制|会计实务|商务谈判
上海,医药研发外包(CRO),生物医药,6.7,23400,64.1,4.8,硕士及以上,药学|分子生物学|GMP规范|临床研究
上饶,光电显示器件制造,半导体电子,23.5,17700,72.6,5.4,本科及以上,微电子|电路设计|半导体工艺|版图设计
上饶,旅行社与旅游产品,文化旅游,21.1,8600,65.8,-0.4,大专及以上,酒店运营|客户服务|目的地营销|活动策划
上饶,新材料研发制造,新材料与环保,15.4,13400,76.0,2.5,硕士及以上,材料表征|检测认证|实验室管理|碳中和核算
东莞,轨道交通装备制造,高端装备制造,26.1,8200,65.0,4.7,大专及以上,机械设计|精益生产|数控编程|设备调试
东莞,智能终端组装制造,半导体电子,17.6,13500,85.0,4.6,本科及以上,微电子|半导体工艺|嵌入式C|测试验证
东莞,专业市场与展会服务,商贸零售,16.8,7000,70.1,3.9,大专及以上,电商运营|商品采购|客户关系管理|跨境贸易
东营,精密机械加工,高端装备制造,15.9,11000,69.5,5.5,大专及以上,机械设计|PLC控制|精益生产|设备调试
东营,检验检测与认证,新材料与环保,15.4,12600,62.4,3.5,硕士及以上,材料表征|环境工程|实验室管理|碳中和核算
东营,有色金属冶炼加工,能源化工,11.6,11400,69.1,1.5,大专及以上,化工工艺|DCS控制|安全环保管理|冶金工艺
中山,化学药与生物药制造,生物医药,16.2,12200,75.7,3.8,硕士及以上,药学|分子生物学|临床研究|实验室操作
中山,批发零售与商贸流通,商贸零售,16.0,7900,59.8,3.8,大专及以上,用户增长|直播营销|商品采购|客户关系管理
中山,轨道交通装备制造,高端装备制造,12.8,9900,60.8,4.8,大专及以上,CAD/CAM|PLC控制|精益生产|设备调试
临汾,酒店与民宿服务,文化旅游,23.2,7500,46.1,3.1,大专及以上,客户服务|目的地营销|外语能力|活动策划
临汾,电力与热力生产,能源化工,14.9,10400,49.7,0.4,大专及以上,DCS控制|电气自动化|安全环保管理|冶金工艺
临汾,工业机器人与自动化,高端装备制造,13.7,10600,72.4,4.2,大专及以上,机械设计|PLC控制|精益生产|数控编程
临沂,航空物流与快递,现代物流,21.6,7300,69.1,1.0,大专及以上,供应链管理|仓储运营|路径优化|WMS系统
临沂,跨境贸易与出海,商贸零售,20.4,7000,62.7,3.1,大专及以上,电商运营|用户增长|商品采购|客户关系管理
临沂,装饰装修与建材,建筑地产,17.0,9500,58.2,-1.9,大专及以上,结构设计|BIM建模|工程造价|项目管理
丹东,酒店与民宿服务,文化旅游,22.3,6900,48.4,-0.6,大专及以上,旅游产品设计|酒店运营|客户服务|外语能力
丹东,工业机器人与自动化,高端装备制造,14.9,10500,62.4,4.9,大专及以上,机械设计|CAD/CAM|PLC控制|数控编程
丹东,白酒与酿造,农业食品,10.1,7800,59.2,0.7,大专及以上,食品工艺|质量检测|食品安全法规|品牌营销
丽水,特色农产品种植加工,农业食品,16.9,6700,58.1,0.3,大专及以上,质量检测|农业技术推广|供应链管理|品牌营销
丽水,新材料研发制造,新材料与环保,16.4,11000,67.5,1.6,硕士及以上,材料表征|环境工程|实验室管理|碳中和核算
丽水,旅行社与旅游产品,文化旅游,15.0,6300,61.3,1.1,大专及以上,旅游产品设计|目的地营销|外语能力|活动策划
丽江,批发零售与商贸流通,商贸零售,23.6,8300,58.7,3.6,大专及以上,电商运营|用户增长|商品采购|客户关系管理
丽江,景区与主题公园运营,文化旅游,19.8,7500,43.9,-0.2,大专及以上,酒店运营|目的地营销|外语能力|活动策划
丽江,食品加工与饮料制造,农业食品,17.0,8300,56.7,0.9,大专及以上,食品工艺|质量检测|农业技术推广|供应链管理
乌海,再生资源利用,新材料与环保,26.0,12100,76.3,2.6,硕士及以上,环境工程|检测认证|工艺优化|实验室管理
乌海,有色金属冶炼加工,能源化工,15.7,10800,47.5,-1.6,大专及以上,化工工艺|DCS控制|安全环保管理|设备维护
乌海,港口航运与货代,现代物流,12.2,8600,63.3,0.8,大专及以上,供应链管理|仓储运营|国际货代|关务合规
乌鲁木齐,批发零售与商贸流通,商贸零售,21.2,5900,64.1,1.2,大专及以上,用户增长|直播营销|客户关系管理|跨境贸易
乌鲁木齐,航空物流与快递,现代物流,20.8,6800,65.9,4.1,大专及以上,供应链管理|仓储运营|国际货代|路径优化
乌鲁木齐,有色金属冶炼加工,能源化工,16.7,7900,47.9,0.1,大专及以上,化工工艺|电气自动化|安全环保管理|设备维护
乐山,旅行社与旅游产品,文化旅游,21.9,6800,60.7,-0.9,大专及以上,旅游产品设计|酒店运营|客户服务|目的地营销
乐山,特色农产品种植加工,农业食品,13.9,7300,45.3,3.3,大专及以上,农业技术推广|食品安全法规|供应链管理|品牌营销
乐山,再生资源利用,新材料与环保,11.6,10200,67.2,5.0,硕士及以上,材料表征|环境工程|检测认证|碳中和核算
九江,电力与热力生产,能源化工,27.0,8600,67.8,0.5,大专及以上,化工工艺|DCS控制|安全环保管理|冶金工艺
九江,航空物流与快递,现代物流,16.4,7100,65.6,1.6,大专及以上,供应链管理|仓储运营|国际货代|关务合规
九江,轨道交通装备制造,高端装备制造,12.6,8100,71.3,2.7,大专及以上,机械设计|CAD/CAM|精益生产|设备调试
伊春,白酒与酿造,农业食品,25.6,8000,48.9,3.7,大专及以上,食品工艺|农业技术推广|食品安全法规|供应链管理
伊春,康养与休闲度假,文化旅游,14.6,7900,60.5,1.4,大专及以上,酒店运营|客户服务|目的地营销|活动策划
伊春,检验检测与认证,新材料与环保,14.2,10500,67.1,3.7,硕士及以上,材料表征|环境工程|实验室管理|碳中和核算
佛山,工业机器人与自动化,高端装备制造,23.0,8600,60.6,5.7,大专及以上,机械设计|CAD/CAM|PLC控制|精益生产
佛山,房地产开发经营,建筑地产,20.9,7100,41.6,1.0,大专及以上,工程造价|施工管理|项目管理|招投标
佛山,专业市场与展会服务,商贸零售,11.0,6000,67.6,3.6,大专及以上,用户增长|直播营销|客户关系管理|跨境贸易
佳木斯,通用设备制造,高端装备制造,18.0,9800,55.8,5.3,大专及以上,CAD/CAM|精益生产|数控编程|设备调试
佳木斯,航空物流与快递,现代物流,14.6,7500,70.6,4.5,大专及以上,供应链管理|国际货代|路径优化|关务合规
佳木斯,食品加工与饮料制造,农业食品,13.3,8200,65.6,2.4,大专及以上,质量检测|农业技术推广|食品安全法规|供应链管理
保定,工程造价与咨询,建筑地产,22.3,10200,41.2,-0.8,大专及以上,结构设计|工程造价|施工管理|招投标
保定,食品加工与饮料制造,农业食品,20.1,7300,50.3,2.7,大专及以上,食品工艺|农业技术推广|食品安全法规|品牌营销
保定,轨道交通装备制造,高端装备制造,17.1,11300,74.0,1.7,大专及以上,机械设计|CAD/CAM|PLC控制|数控编程
保山,特色农产品种植加工,农业食品,20.9,8200,63.2,2.4,大专及以上,食品工艺|质量检测|食品安全法规|品牌营销
保山,酒店与民宿服务,文化旅游,18.8,7300,41.9,-1.2,大专及以上,旅游产品设计|酒店运营|目的地营销|外语能力
保山,电子商务运营,商贸零售,16.7,8200,54.2,0.7,大专及以上,电商运营|用户增长|商品采购|跨境贸易
信阳,仓储与供应链管理,现代物流,16.2,7400,79.7,4.5,大专及以上,仓储运营|路径优化|WMS系统|关务合规
信阳,食品加工与饮料制造,农业食品,14.6,7500,58.0,1.9,大专及以上,食品工艺|质量检测|农业技术推广|食品安全法规
信阳,酒店与民宿服务,文化旅游,14.5,7100,42.2,-0.6,大专及以上,旅游产品设计|客户服务|外语能力|活动策划
儋州,旅行社与旅游产品,文化旅游,17.6,6400,61.4,0.8,大专及以上,酒店运营|客户服务|目的地营销|活动策划
儋州,食品加工与饮料制造,农业食品,13.7,6900,56.1,3.0,大专及以上,食品工艺|农业技术推广|食品安全法规|供应链管理
儋州,电力与热力生产,能源化工,12.7,8000,55.9,0.4,大专及以上,化工工艺|DCS控制|冶金工艺|设备维护
克拉玛依,再生资源利用,新材料与环保,20.1,14100,75.3,5.7,硕士及以上,材料表征|工艺优化|实验室管理|碳中和核算
克拉玛依,石油化工与炼化,能源化工,16.4,11400,54.3,0.0,大专及以上,化工工艺|安全环保管理|冶金工艺|设备维护
克拉玛依,精密机械加工,高端装备制造,10.8,12500,72.1,1.0,大专及以上,CAD/CAM|PLC控制|精益生产|数控编程
六盘水,电力与热力生产,能源化工,20.9,8800,69.8,-0.2,大专及以上,电气自动化|安全环保管理|冶金工艺|设备维护
六盘水,再生资源利用,新材料与环保,18.1,11400,58.2,6.1,硕士及以上,材料表征|环境工程|实验室管理|碳中和核算
六盘水,白酒与酿造,农业食品,10.4,6900,46.3,0.8,大专及以上,质量检测|农业技术推广|供应链管理|品牌营销
兰州,石油化工与炼化,能源化工,19.1,7200,59.6,-0.2,大专及以上,化工工艺|DCS控制|安全环保管理|冶金工艺
兰州,医疗器械制造,生物医药,18.8,9000,69.9,5.3,硕士及以上,分子生物学|GMP规范|临床研究|注册法规
兰州,工业机器人与自动化,高端装备制造,11.6,8100,56.8,1.9,大专及以上,CAD/CAM|PLC控制|精益生产|设备调试
内江,批发零售与商贸流通,商贸零售,21.4,7800,54.2,3.7,大专及以上,电商运营|用户增长|直播营销|客户关系管理
内江,再生资源利用,新材料与环保,15.8,11700,59.6,2.0,硕士及以上,材料表征|检测认证|实验室管理|碳中和核算
内江,食品加工与饮料制造,农业食品,13.4,8500,44.9,1.8,大专及以上,食品工艺|农业技术推广|食品安全法规|品牌营销
北京,云计算与大数据服务,信息技术,9.6,31200,82.3,7.7,本科及以上,Python|Java|数据分析|云计算
北京,化学药与生物药制造,生物医药,9.5,22500,84.2,6.7,硕士及以上,GMP规范|临床研究|实验室操作|注册法规
北京,公务员与事业编,公共服务,8.7,19700,48.4,3.3,本科及以上,公文写作|教育教学法|心理咨询|社区服务
北京,影视与短视频内容,文化传媒,7.5,16900,46.1,2.3,本科及以上,内容策划|短视频剪辑|文案写作|视觉设计
北京,会计审计与咨询,金融商务,6.5,26800,73.6,3.5,本科及以上,财务分析|风险控制|投资研究|商务谈判
北京,留学与国际教育,教育培训,5.6,18500,51.4,0.4,本科及以上,教学设计|演讲表达|教育心理学|教材编写
北海,食品加工与饮料制造,农业食品,20.2,7500,46.4,0.3,大专及以上,农业技术推广|食品安全法规|供应链管理|品牌营销
北海,酒店与民宿服务,文化旅游,14.3,7100,62.0,1.8,大专及以上,旅游产品设计|酒店运营|目的地营销|活动策划
北海,航空物流与快递,现代物流,14.3,8200,67.8,0.8,大专及以上,供应链管理|仓储运营|WMS系统|关务合规
南京,工业机器人与自动化,高端装备制造,13.6,13500,57.1,5.9,大专及以上,机械设计|CAD/CAM|精益生产|数控编程
南京,职业与技能培训,教育培训,12.6,12100,46.7,-0.4,本科及以上,课程研发|演讲表达|教育心理学|学生管理
南京,光电显示器件制造,半导体电子,11.7,21200,84.1,5.1,本科及以上,微电子|电路设计|版图设计|测试验证
南京,互联网平台运营,信息技术,10.4,22500,80.2,6.9,本科及以上,Python|机器学习|云计算|系统架构
南京,医药研发外包(CRO),生物医药,7.6,14900,72.5,6.5,硕士及以上,分子生物学|临床研究|实验室操作|注册法规
南充,通用设备制造,高端装备制造,17.2,11600,75.2,3.5,大专及以上,CAD/CAM|PLC控制|数控编程|设备调试
南充,专业市场与展会服务,商贸零售,15.0,8000,65.6,0.1,大专及以上,用户增长|直播营销|商品采购|客户关系管理
南充,食品加工与饮料制造,农业食品,14.6,8100,59.2,3.7,大专及以上,食品工艺|农业技术推广|供应链管理|品牌营销
南宁,食品加工与饮料制造,农业食品,22.3,8400,65.6,2.9,大专及以上,质量检测|农业技术推广|食品安全法规|品牌营销
南宁,仓储与供应链管理,现代物流,22.3,8600,78.9,0.9,大专及以上,仓储运营|国际货代|路径优化|关务合规
南宁,跨境贸易与出海,商贸零售,16.5,7200,69.6,4.4,大专及以上,用户增长|直播营销|商品采购|客户关系管理
南平,白酒与酿造,农业食品,17.7,7600,66.2,0.1,大专及以上,食品工艺|农业技术推广|食品安全法规|品牌营销
南平,节能环保工程,新材料与环保,15.1,10300,58.3,1.5,硕士及以上,环境工程|工艺优化|实验室管理|碳中和核算
南平,旅行社与旅游产品,文化旅游,9.9,6600,63.2,3.8,大专及以上,旅游产品设计|酒店运营|客户服务|外语能力
南昌,新能源汽车整车制造,汽车与新能源,15.4,12900,86.4,5.6,本科及以上,三电系统|嵌入式开发|电池技术|CAN总线
南昌,人工智能与算法服务,信息技术,14.7,15200,76.7,4.0,本科及以上,Python|数据分析|云计算|系统架构
南昌,医疗器械制造,生物医药,13.3,10800,60.7,3.8,硕士及以上,药学|GMP规范|临床研究|实验室操作
南昌,光电显示器件制造,半导体电子,8.5,16800,89.4,9.4,本科及以上,微电子|半导体工艺|版图设计|测试验证
南通,房屋建筑与市政工程,建筑地产,20.9,10800,46.7,-1.8,大专及以上,BIM建模|工程造价|施工管理|项目管理
南通,港口航运与货代,现代物流,19.8,8100,62.9,4.8,大专及以上,供应链管理|仓储运营|国际货代|关务合规
南通,轨道交通装备制造,高端装备制造,14.2,10100,76.7,2.1,大专及以上,机械设计|PLC控制|精益生产|数控编程
南阳,轨道交通装备制造,高端装备制造,21.4,9400,75.2,4.2,大专及以上,机械设计|CAD/CAM|PLC控制|设备调试
南阳,医疗器械制造,生物医药,15.9,9300,69.3,4.7,硕士及以上,分子生物学|GMP规范|临床研究|注册法规
南阳,白酒与酿造,农业食品,12.4,5900,55.4,1.3,大专及以上,食品工艺|食品安全法规|供应链管理|品牌营销
厦门,景区与主题公园运营,文化旅游,14.5,14500,49.7,0.7,大专及以上,旅游产品设计|酒店运营|目的地营销|活动策划
厦门,互联网平台运营,信息技术,14.3,28300,83.2,7.4,本科及以上,Java|数据分析|机器学习|云计算
厦门,航空物流与快递,现代物流,13.0,13900,79.5,1.5,大专及以上,供应链管理|路径优化|WMS系统|关务合规
厦门,集成电路设计与制造,半导体电子,11.1,25200,88.5,4.5,本科及以上,电路设计|嵌入式C|版图设计|测试验证
台州,批发零售与商贸流通,商贸零售,18.2,7500,62.4,0.6,大专及以上,电商运营|用户增长|直播营销|商品采购
台州,汽车零部件制造,汽车与新能源,17.8,12900,80.6,3.9,本科及以上,三电系统|电池技术|CAN总线|自动驾驶
台州,通用设备制造,高端装备制造,16.8,9900,60.0,5.1,大专及以上,机械设计|CAD/CAM|精益生产|数控编程
台湾,工业机器人与自动化,高端装备制造,19.9,5900,73.3,3.7,大专及以上,机械设计|CAD/CAM|精益生产|数控编程
台湾,智能终端组装制造,半导体电子,16.9,7900,89.8,4.2,本科及以上,微电子|电路设计|版图设计|测试验证
台湾,软件开发与信息服务,信息技术,15.7,8700,90.2,5.1,本科及以上,数据分析|机器学习|云计算|系统架构
合肥,智能网联汽车,汽车与新能源,15.4,9500,77.0,4.8,本科及以上,三电系统|电池技术|CAN总线|整车标定
合肥,互联网平台运营,信息技术,15.2,11000,86.2,6.0,本科及以上,数据分析|机器学习|云计算|系统架构
合肥,工业机器人与自动化,高端装备制造,14.8,7600,72.9,1.2,大专及以上,CAD/CAM|PLC控制|精益生产|设备调试
合肥,智能终端组装制造,半导体电子,7.0,12300,86.3,4.0,本科及以上,电路设计|半导体工艺|嵌入式C|测试验证
吉安,精密机械加工,高端装备制造,20.3,8900,76.0,2.9,大专及以上,CAD/CAM|PLC控制|数控编程|设备调试
吉安,特色农产品种植加工,农业食品,12.5,5800,48.6,1.9,大专及以上,质量检测|农业技术推广|食品安全法规|品牌营销
吉安,智能终端组装制造,半导体电子,11.5,11900,77.2,5.3,本科及以上,微电子|电路设计|半导体工艺|版图设计
吉林,医疗器械制造,生物医药,19.6,11400,60.2,3.9,硕士及以上,药学|GMP规范|实验室操作|注册法规
吉林,特色农产品种植加工,农业食品,15.2,8800,65.1,2.8,大专及以上,质量检测|农业技术推广|食品安全法规|供应链管理
吉林,工业机器人与自动化,高端装备制造,11.7,12600,67.4,1.3,大专及以上,机械设计|PLC控制|精益生产|设备调试
吉林市,煤化工与焦化,能源化工,15.7,9600,67.3,1.2,大专及以上,化工工艺|DCS控制|安全环保管理|设备维护
吉林市,通用设备制造,高端装备制造,15.3,9400,62.8,2.8,大专及以上,机械设计|PLC控制|精益生产|数控编程
吉林市,畜牧与水产养殖,农业食品,14.0,7500,61.4,1.6,大专及以上,农业技术推广|食品安全法规|供应链管理|品牌营销
吐鲁番,石油化工与炼化,能源化工,18.5,7800,69.4,-1.7,大专及以上,化工工艺|DCS控制|电气自动化|设备维护
吐鲁番,畜牧与水产养殖,农业食品,16.2,6900,56.8,3.9,大专及以上,食品工艺|农业技术推广|供应链管理|品牌营销
吐鲁番,康养与休闲度假,文化旅游,16.2,5900,47.7,-0.8,大专及以上,旅游产品设计|目的地营销|外语能力|活动策划
周口,房地产开发经营,建筑地产,19.3,6600,37.2,-3.3,大专及以上,结构设计|工程造价|施工管理|项目管理
周口,电子商务运营,商贸零售,15.5,5100,71.2,2.7,大专及以上,用户增长|直播营销|商品采购|跨境贸易
周口,特色农产品种植加工,农业食品,11.6,5400,58.8,3.2,大专及以上,质量检测|食品安全法规|供应链管理|品牌营销
呼和浩特,云计算与大数据服务,信息技术,18.8,17900,85.2,2.9,本科及以上,Python|Java|云计算|系统架构
呼和浩特,食品加工与饮料制造,农业食品,16.0,9200,47.7,0.2,大专及以上,质量检测|农业技术推广|食品安全法规|品牌营销
呼和浩特,有色金属冶炼加工,能源化工,12.4,10600,64.6,1.4,大专及以上,DCS控制|电气自动化|冶金工艺|设备维护
呼和浩特,医药研发外包(CRO),生物医药,11.3,12400,79.4,1.7,硕士及以上,GMP规范|临床研究|实验室操作|注册法规
咸宁,特色农产品种植加工,农业食品,18.4,7200,61.5,3.7,大专及以上,食品工艺|农业技术推广|食品安全法规|品牌营销
咸宁,景区与主题公园运营,文化旅游,15.1,6400,46.3,4.2,大专及以上,旅游产品设计|酒店运营|目的地营销|外语能力
咸宁,再生资源利用,新材料与环保,14.4,10500,60.9,5.5,硕士及以上,材料表征|环境工程|工艺优化|实验室管理
咸阳,集成电路设计与制造,半导体电子,23.0,16400,83.9,4.8,本科及以上,微电子|半导体工艺|版图设计|测试验证
咸阳,轨道交通装备制造,高端装备制造,16.7,10600,65.1,4.0,大专及以上,机械设计|CAD/CAM|精益生产|设备调试
咸阳,食品加工与饮料制造,农业食品,12.0,7100,60.9,2.9,大专及以上,食品工艺|质量检测|供应链管理|品牌营销
哈密,畜牧与水产养殖,农业食品,24.4,7600,56.8,0.4,大专及以上,质量检测|食品安全法规|供应链管理|品牌营销
哈密,有色金属冶炼加工,能源化工,15.3,10000,45.1,2.4,大专及以上,电气自动化|安全环保管理|冶金工艺|设备维护
哈密,航空物流与快递,现代物流,11.3,8300,79.4,3.0,大专及以上,仓储运营|国际货代|路径优化|WMS系统
哈尔滨,化学药与生物药制造,生物医药,12.5,10300,74.8,5.8,硕士及以上,GMP规范|临床研究|实验室操作|注册法规
哈尔滨,旅行社与旅游产品,文化旅游,12.2,6600,59.6,-0.5,大专及以上,旅游产品设计|客户服务|外语能力|活动策划
哈尔滨,白酒与酿造,农业食品,11.4,6600,51.2,3.1,大专及以上,质量检测|农业技术推广|供应链管理|品牌营销
哈尔滨,工业机器人与自动化,高端装备制造,7.7,9400,72.7,3.9,大专及以上,机械设计|CAD/CAM|精益生产|设备调试
唐山,工程造价与咨询,建筑地产,23.5,10300,46.0,-0.9,大专及以上,结构设计|BIM建模|工程造价|招投标
唐山,石油化工与炼化,能源化工,19.6,10000,67.6,0.9,大专及以上,化工工艺|电气自动化|安全环保管理|冶金工艺
唐山,精密机械加工,高端装备制造,17.3,9900,76.0,0.6,大专及以上,机械设计|PLC控制|精益生产|数控编程
商丘,仓储与供应链管理,现代物流,20.3,7500,79.3,5.3,大专及以上,供应链管理|国际货代|WMS系统|关务合规
商丘,特色农产品种植加工,农业食品,18.9,7400,49.7,2.4,大专及以上,食品工艺|食品安全法规|供应链管理|品牌营销
商丘,批发零售与商贸流通,商贸零售,18.5,7700,73.0,2.1,大专及以上,电商运营|用户增长|直播营销|跨境贸易
嘉兴,电子商务运营,商贸零售,19.2,7400,62.9,1.7,大专及以上,电商运营|用户增长|商品采购|跨境贸易
嘉兴,节能环保工程,新材料与环保,17.8,10300,64.3,2.9,硕士及以上,材料表征|检测认证|实验室管理|碳中和核算
嘉兴,通用设备制造,高端装备制造,13.4,10000,79.8,3.9,大专及以上,机械设计|CAD/CAM|数控编程|设备调试
四平,通用设备制造,高端装备制造,20.2,8400,74.2,5.9,大专及以上,机械设计|PLC控制|精益生产|数控编程
四平,特色农产品种植加工,农业食品,18.9,6300,52.6,1.9,大专及以上,质量检测|农业技术推广|供应链管理|品牌营销
四平,仓储与供应链管理,现代物流,13.3,7600,80.2,1.1,大专及以上,供应链管理|仓储运营|WMS系统|关务合规
大同,新材料研发制造,新材料与环保,19.3,10800,53.8,2.2,硕士及以上,环境工程|检测认证|实验室管理|碳中和核算
大同,石油化工与炼化,能源化工,15.0,9200,51.9,2.7,大专及以上,电气自动化|安全环保管理|冶金工艺|设备维护
大同,景区与主题公园运营,文化旅游,14.9,6500,57.0,0.5,大专及以上,酒店运营|目的地营销|外语能力|活动策划
大庆,新材料研发制造,新材料与环保,23.9,9300,64.5,4.5,硕士及以上,材料表征|环境工程|工艺优化|碳中和核算
大庆,有色金属冶炼加工,能源化工,19.3,8100,53.8,-0.1,大专及以上,化工工艺|电气自动化|安全环保管理|设备维护
大庆,精密机械加工,高端装备制造,16.4,7900,60.1,2.8,大专及以上,机械设计|CAD/CAM|PLC控制|数控编程
大理,康养与休闲度假,文化旅游,16.4,7900,48.4,2.2,大专及以上,酒店运营|客户服务|目的地营销|外语能力
大理,电子商务运营,商贸零售,13.7,7500,52.0,0.8,大专及以上,用户增长|直播营销|商品采购|跨境贸易
大理,石油化工与炼化,能源化工,12.3,9400,58.3,0.4,大专及以上,化工工艺|电气自动化|冶金工艺|设备维护
大连,港口航运与货代,现代物流,14.3,7000,68.5,3.3,大专及以上,供应链管理|国际货代|路径优化|关务合规
大连,旅行社与旅游产品,文化旅游,13.4,6300,63.0,2.6,大专及以上,旅游产品设计|客户服务|目的地营销|外语能力
大连,工业机器人与自动化,高端装备制造,11.2,8700,79.5,1.7,大专及以上,机械设计|PLC控制|数控编程|设备调试
大连,人工智能与算法服务,信息技术,8.7,14800,83.5,8.1,本科及以上,Python|数据分析|机器学习|系统架构
天水,通用设备制造,高端装备制造,16.9,10600,60.1,5.0,大专及以上,CAD/CAM|PLC控制|数控编程|设备调试
天水,光电显示器件制造,半导体电子,15.1,16300,89.2,5.7,本科及以上,微电子|电路设计|嵌入式C|测试验证
天水,畜牧与水产养殖,农业食品,13.1,8100,51.4,1.8,大专及以上,食品工艺|质量检测|食品安全法规|品牌营销
天津,煤化工与焦化,能源化工,15.4,8100,57.2,0.7,大专及以上,DCS控制|安全环保管理|冶金工艺|设备维护
天津,工业机器人与自动化,高端装备制造,13.4,7800,71.7,3.5,大专及以上,机械设计|PLC控制|数控编程|设备调试
天津,港口航运与货代,现代物流,13.0,7300,58.7,3.1,大专及以上,供应链管理|仓储运营|路径优化|WMS系统
天津,软件开发与信息服务,信息技术,12.9,13500,72.8,4.6,本科及以上,Python|机器学习|云计算|系统架构
太原,云计算与大数据服务,信息技术,16.0,13600,83.1,3.9,本科及以上,数据分析|机器学习|云计算|系统架构
太原,轨道交通装备制造,高端装备制造,12.5,8900,57.7,1.5,大专及以上,CAD/CAM|PLC控制|精益生产|设备调试
太原,电力与热力生产,能源化工,10.2,8400,65.7,1.1,大专及以上,化工工艺|电气自动化|冶金工艺|设备维护
太原,再生资源利用,新材料与环保,9.1,9500,77.9,3.8,硕士及以上,材料表征|环境工程|工艺优化|碳中和核算
威海,工业机器人与自动化,高端装备制造,18.8,8300,57.2,4.5,大专及以上,机械设计|CAD/CAM|PLC控制|精益生产
威海,航空物流与快递,现代物流,15.4,7900,63.8,3.7,大专及以上,供应链管理|国际货代|路径优化|关务合规
威海,酒店与民宿服务,文化旅游,10.8,7100,61.9,2.0,大专及以上,旅游产品设计|客户服务|目的地营销|外语能力
娄底,工业机器人与自动化,高端装备制造,18.0,10000,73.6,3.2,大专及以上,CAD/CAM|PLC控制|精益生产|设备调试
娄底,有色金属冶炼加工,能源化工,14.4,9600,48.6,-1.8,大专及以上,化工工艺|DCS控制|电气自动化|设备维护
娄底,节能环保工程,新材料与环保,13.1,10100,68.0,6.5,硕士及以上,环境工程|检测认证|工艺优化|碳中和核算
孝感,食品加工与饮料制造,农业食品,21.1,9200,57.2,1.1,大专及以上,食品工艺|食品安全法规|供应链管理|品牌营销
孝感,通用设备制造,高端装备制造,18.9,11700,72.8,1.3,大专及以上,机械设计|CAD/CAM|精益生产|设备调试
孝感,冷链物流,现代物流,12.8,9200,73.1,3.9,大专及以上,供应链管理|仓储运营|国际货代|路径优化
宁德,汽车零部件制造,汽车与新能源,16.0,10100,74.4,2.5,本科及以上,三电系统|嵌入式开发|电池技术|CAN总线
宁德,畜牧与水产养殖,农业食品,15.6,6200,50.7,0.9,大专及以上,质量检测|农业技术推广|供应链管理|品牌营销
宁德,再生资源利用,新材料与环保,15.1,9700,75.6,3.1,硕士及以上,环境工程|检测认证|实验室管理|碳中和核算
宁波,批发零售与商贸流通,商贸零售,15.8,9300,57.4,4.2,大专及以上,用户增长|商品采购|客户关系管理|跨境贸易
宁波,轨道交通装备制造,高端装备制造,14.1,12100,68.8,1.4,大专及以上,机械设计|CAD/CAM|数控编程|设备调试
宁波,有色金属冶炼加工,能源化工,14.1,12900,53.0,-0.4,大专及以上,化工工艺|DCS控制|安全环保管理|设备维护
宁波,冷链物流,现代物流,13.5,11000,60.2,4.5,大专及以上,供应链管理|仓储运营|WMS系统|关务合规
安庆,工业机器人与自动化,高端装备制造,24.3,11500,78.6,0.5,大专及以上,CAD/CAM|PLC控制|数控编程|设备调试
安庆,有色金属冶炼加工,能源化工,15.7,9800,45.7,0.0,大专及以上,DCS控制|安全环保管理|冶金工艺|设备维护
安庆,特色农产品种植加工,农业食品,12.2,7600,45.2,2.6,大专及以上,质量检测|农业技术推广|食品安全法规|供应链管理
安康,白酒与酿造,农业食品,28.4,5800,57.5,4.0,大专及以上,食品工艺|质量检测|农业技术推广|食品安全法规
安康,医药研发外包(CRO),生物医药,18.0,8200,72.5,4.7,硕士及以上,药学|分子生物学|实验室操作|注册法规
安康,再生资源利用,新材料与环保,14.6,8300,60.1,1.6,硕士及以上,材料表征|环境工程|实验室管理|碳中和核算
安阳,有色金属冶炼加工,能源化工,24.0,9300,54.1,1.1,大专及以上,化工工艺|DCS控制|安全环保管理|设备维护
安阳,通用设备制造,高端装备制造,15.5,10400,68.3,3.5,大专及以上,机械设计|PLC控制|精益生产|数控编程
安阳,特色农产品种植加工,农业食品,13.4,8300,60.7,2.8,大专及以上,食品工艺|质量检测|农业技术推广|品牌营销
安顺,酒店与民宿服务,文化旅游,20.7,9100,46.7,4.0,大专及以上,旅游产品设计|客户服务|目的地营销|外语能力
安顺,食品加工与饮料制造,农业食品,15.0,8000,44.9,2.5,大专及以上,食品工艺|质量检测|食品安全法规|供应链管理
安顺,再生资源利用,新材料与环保,11.5,13000,55.8,3.2,硕士及以上,材料表征|检测认证|工艺优化|碳中和核算
宜宾,有色金属冶炼加工,能源化工,21.4,9100,66.4,-0.4,大专及以上,化工工艺|电气自动化|冶金工艺|设备维护
宜宾,白酒与酿造,农业食品,21.3,6800,55.2,0.2,大专及以上,质量检测|农业技术推广|食品安全法规|品牌营销
宜宾,工业机器人与自动化,高端装备制造,14.1,9000,65.7,4.4,大专及以上,机械设计|CAD/CAM|精益生产|设备调试
宜昌,酒店与民宿服务,文化旅游,16.2,7700,44.8,2.9,大专及以上,旅游产品设计|酒店运营|外语能力|活动策划
宜昌,石油化工与炼化,能源化工,15.2,12000,54.3,-1.7,大专及以上,化工工艺|DCS控制|冶金工艺|设备维护
宜昌,医药研发外包(CRO),生物医药,11.3,11500,77.6,2.1,硕士及以上,药学|分子生物学|临床研究|实验室操作
宜春,再生资源利用,新材料与环保,22.2,11300,74.8,3.4,硕士及以上,环境工程|检测认证|实验室管理|碳中和核算
宜春,中药与健康产品,生物医药,21.5,10200,71.3,1.5,硕士及以上,药学|分子生物学|GMP规范|注册法规
宜春,畜牧与水产养殖,农业食品,17.1,7200,57.0,1.3,大专及以上,食品工艺|农业技术推广|食品安全法规|供应链管理
宝鸡,食品加工与饮料制造,农业食品,18.4,7800,46.5,0.6,大专及以上,食品工艺|农业技术推广|食品安全法规|供应链管理
宝鸡,检验检测与认证,新材料与环保,15.3,12200,55.4,2.2,硕士及以上,材料表征|环境工程|检测认证|实验室管理
宝鸡,轨道交通装备制造,高端装备制造,10.8,9800,72.8,1.3,大专及以上,机械设计|CAD/CAM|精益生产|数控编程
宣城,再生资源利用,新材料与环保,18.8,9600,76.5,6.3,硕士及以上,环境工程|检测认证|工艺优化|实验室管理
宣城,食品加工与饮料制造,农业食品,16.9,7100,53.2,2.2,大专及以上,质量检测|农业技术推广|供应链管理|品牌营销
宣城,工业机器人与自动化,高端装备制造,14.9,10400,72.0,2.5,大专及以上,机械设计|CAD/CAM|PLC控制|数控编程
宿迁,白酒与酿造,农业食品,20.8,6700,66.0,4.0,大专及以上,食品工艺|农业技术推广|食品安全法规|品牌营销
宿迁,工业机器人与自动化,高端装备制造,18.2,8100,69.8,4.8,大专及以上,机械设计|PLC控制|数控编程|设备调试
宿迁,批发零售与商贸流通,商贸零售,13.7,6200,55.6,1.7,大专及以上,电商运营|直播营销|商品采购|跨境贸易
岳阳,特色农产品种植加工,农业食品,22.7,8000,54.4,2.1,大专及以上,质量检测|食品安全法规|供应链管理|品牌营销
岳阳,有色金属冶炼加工,能源化工,20.2,10000,68.8,-1.5,大专及以上,化工工艺|DCS控制|安全环保管理|设备维护
岳阳,冷链物流,现代物流,18.4,7900,81.9,3.3,大专及以上,供应链管理|仓储运营|路径优化|WMS系统
巴中,畜牧与水产养殖,农业食品,19.7,6200,49.0,3.9,大专及以上,食品工艺|食品安全法规|供应链管理|品牌营销
巴中,康养与休闲度假,文化旅游,14.5,6500,42.1,1.6,大专及以上,旅游产品设计|客户服务|目的地营销|活动策划
巴中,房地产开发经营,建筑地产,12.0,9200,42.2,0.4,大专及以上,结构设计|BIM建模|工程造价|施工管理
巴彦淖尔,煤化工与焦化,能源化工,22.8,10700,50.6,-1.6,大专及以上,DCS控制|电气自动化|安全环保管理|设备维护
巴彦淖尔,白酒与酿造,农业食品,20.1,8100,61.7,3.1,大专及以上,质量检测|农业技术推广|食品安全法规|品牌营销
巴彦淖尔,新材料研发制造,新材料与环保,13.2,12300,54.0,2.6,硕士及以上,材料表征|检测认证|实验室管理|碳中和核算
常州,新能源汽车整车制造,汽车与新能源,20.8,11900,80.0,5.9,本科及以上,三电系统|嵌入式开发|自动驾驶|整车标定
常州,工业机器人与自动化,高端装备制造,19.9,9000,73.3,1.2,大专及以上,CAD/CAM|PLC控制|精益生产|设备调试
常州,光电显示器件制造,半导体电子,19.8,15200,89.0,3.4,本科及以上,电路设计|半导体工艺|嵌入式C|测试验证
常德,轨道交通装备制造,高端装备制造,23.6,9900,57.0,5.8,大专及以上,CAD/CAM|精益生产|数控编程|设备调试
常德,旅行社与旅游产品,文化旅游,19.6,6900,51.9,-0.3,大专及以上,旅游产品设计|客户服务|外语能力|活动策划
常德,白酒与酿造,农业食品,13.0,7100,55.2,3.1,大专及以上,食品工艺|农业技术推广|供应链管理|品牌营销
平凉,轨道交通装备制造,高端装备制造,17.7,7900,59.9,4.2,大专及以上,CAD/CAM|PLC控制|数控编程|设备调试
平凉,电力与热力生产,能源化工,17.1,7800,57.9,-1.1,大专及以上,DCS控制|电气自动化|冶金工艺|设备维护
平凉,食品加工与饮料制造,农业食品,12.7,6800,61.4,2.0,大专及以上,质量检测|食品安全法规|供应链管理|品牌营销
平顶山,节能环保工程,新材料与环保,18.2,12200,52.4,4.5,硕士及以上,材料表征|环境工程|工艺优化|碳中和核算
平顶山,轨道交通装备制造,高端装备制造,14.8,11500,69.5,0.9,大专及以上,PLC控制|精益生产|数控编程|设备调试
平顶山,煤化工与焦化,能源化工,14.0,10800,52.7,2.4,大专及以上,化工工艺|DCS控制|冶金工艺|设备维护
广安,轨道交通装备制造,高端装备制造,21.3,8100,67.9,3.1,大专及以上,机械设计|CAD/CAM|精益生产|数控编程
广安,港口航运与货代,现代物流,15.7,6500,69.0,3.6,大专及以上,供应链管理|国际货代|路径优化|WMS系统
广安,食品加工与饮料制造,农业食品,15.4,6300,47.3,2.9,大专及以上,食品工艺|质量检测|供应链管理|品牌营销
广州,动力电池与储能,汽车与新能源,14.1,18400,84.4,4.0,本科及以上,三电系统|电池技术|CAN总线|整车标定
广州,动漫游戏制作,文化传媒,12.4,13500,48.5,3.3,本科及以上,短视频剪辑|新媒体运营|视觉设计|数据分析
广州,仓储与供应链管理,现代物流,9.9,12300,60.4,2.7,大专及以上,仓储运营|路径优化|WMS系统|关务合规
广州,专业市场与展会服务,商贸零售,9.7,11800,69.7,-0.3,大专及以上,用户增长|直播营销|商品采购|客户关系管理
广州,互联网平台运营,信息技术,7.5,25200,83.6,6.9,本科及以上,Python|Java|云计算|系统架构
庆阳,有色金属冶炼加工,能源化工,21.4,9800,69.5,0.1,大专及以上,电气自动化|安全环保管理|冶金工艺|设备维护
庆阳,仓储与供应链管理,现代物流,21.3,9000,78.8,4.7,大专及以上,仓储运营|国际货代|路径优化|关务合规
庆阳,畜牧与水产养殖,农业食品,11.7,8400,65.2,1.3,大专及以上,质量检测|食品安全法规|供应链管理|品牌营销
廊坊,轨道交通装备制造,高端装备制造,20.2,10000,76.3,1.9,大专及以上,机械设计|精益生产|数控编程|设备调试
廊坊,航空物流与快递,现代物流,18.0,7500,59.1,3.2,大专及以上,供应链管理|仓储运营|路径优化|关务合规
廊坊,云计算与大数据服务,信息技术,11.0,13800,87.7,7.6,本科及以上,Python|Java|机器学习|云计算
延安,有色金属冶炼加工,能源化工,24.4,11200,62.3,0.2,大专及以上,化工工艺|电气自动化|冶金工艺|设备维护
延安,酒店与民宿服务,文化旅游,21.6,8000,46.4,3.6,大专及以上,旅游产品设计|客户服务|目的地营销|活动策划
延安,特色农产品种植加工,农业食品,13.4,7800,67.8,2.4,大专及以上,食品工艺|质量检测|食品安全法规|品牌营销
开封,批发零售与商贸流通,商贸零售,24.3,8800,74.1,3.9,大专及以上,电商运营|商品采购|客户关系管理|跨境贸易
开封,食品加工与饮料制造,农业食品,18.6,8300,55.6,2.8,大专及以上,食品工艺|农业技术推广|食品安全法规|品牌营销
开封,酒店与民宿服务,文化旅游,11.3,8900,44.9,1.2,大专及以上,旅游产品设计|酒店运营|客户服务|目的地营销
张家口,检验检测与认证,新材料与环保,19.6,7900,69.4,2.2,硕士及以上,检测认证|工艺优化|实验室管理|碳中和核算
张家口,石油化工与炼化,能源化工,14.8,7500,52.6,0.1,大专及以上,电气自动化|安全环保管理|冶金工艺|设备维护
张家口,康养与休闲度假,文化旅游,14.4,5500,52.9,2.2,大专及以上,客户服务|目的地营销|外语能力|活动策划
张掖,康养与休闲度假,文化旅游,21.3,8500,48.7,3.4,大专及以上,旅游产品设计|客户服务|目的地营销|外语能力
张掖,新材料研发制造,新材料与环保,15.7,11700,65.7,1.1,硕士及以上,材料表征|环境工程|工艺优化|实验室管理
张掖,畜牧与水产养殖,农业食品,13.0,7800,54.3,1.7,大专及以上,食品工艺|质量检测|农业技术推广|品牌营销
徐州,煤化工与焦化,能源化工,17.9,10300,54.9,-1.0,大专及以上,化工工艺|DCS控制|电气自动化|安全环保管理
徐州,冷链物流,现代物流,17.2,8000,81.5,2.2,大专及以上,供应链管理|仓储运营|国际货代|路径优化
徐州,精密机械加工,高端装备制造,10.3,10800,73.3,4.9,大专及以上,机械设计|CAD/CAM|精益生产|设备调试
德宏,专业市场与展会服务,商贸零售,23.4,6100,74.7,3.3,大专及以上,用户增长|直播营销|客户关系管理|跨境贸易
德宏,食品加工与饮料制造,农业食品,18.3,5500,55.1,2.7,大专及以上,食品工艺|质量检测|食品安全法规|品牌营销
德宏,酒店与民宿服务,文化旅游,14.7,6000,41.1,-1.1,大专及以上,客户服务|目的地营销|外语能力|活动策划
德州,仓储与供应链管理,现代物流,19.2,7800,74.1,5.4,大专及以上,仓储运营|路径优化|WMS系统|关务合规
德州,工业机器人与自动化,高端装备制造,13.3,11700,64.0,6.0,大专及以上,机械设计|PLC控制|数控编程|设备调试
德州,食品加工与饮料制造,农业食品,11.3,7400,66.9,2.3,大专及以上,质量检测|农业技术推广|供应链管理|品牌营销
德阳,新材料研发制造,新材料与环保,20.4,10600,77.8,4.0,硕士及以上,环境工程|检测认证|工艺优化|碳中和核算
德阳,精密机械加工,高端装备制造,15.9,10900,77.9,5.8,大专及以上,机械设计|CAD/CAM|PLC控制|数控编程
德阳,石油化工与炼化,能源化工,14.7,10100,55.2,0.4,大专及以上,化工工艺|DCS控制|冶金工艺|设备维护
怀化,冷链物流,现代物流,16.9,7200,60.4,1.6,大专及以上,供应链管理|仓储运营|国际货代|WMS系统
怀化,畜牧与水产养殖,农业食品,16.3,6500,59.0,2.1,大专及以上,食品工艺|农业技术推广|供应链管理|品牌营销
怀化,景区与主题公园运营,文化旅游,10.9,7000,59.4,0.1,大专及以上,旅游产品设计|酒店运营|客户服务|外语能力
惠州,再生资源利用,新材料与环保,25.0,14300,64.7,5.9,硕士及以上,环境工程|工艺优化|实验室管理|碳中和核算
惠州,煤化工与焦化,能源化工,18.2,12900,50.3,0.7,大专及以上,电气自动化|安全环保管理|冶金工艺|设备维护
惠州,集成电路设计与制造,半导体电子,16.0,21400,66.9,7.6,本科及以上,半导体工艺|嵌入式C|版图设计|测试验证
成都,仓储与供应链管理,现代物流,10.3,11900,64.5,4.6,大专及以上,供应链管理|国际货代|路径优化|关务合规
成都,智能网联汽车,汽车与新能源,9.8,16100,65.2,7.3,本科及以上,嵌入式开发|电池技术|CAN总线|整车标定
成都,软件开发与信息服务,信息技术,8.0,23000,90.8,4.0,本科及以上,Python|数据分析|机器学习|云计算
成都,旅行社与旅游产品,文化旅游,6.7,9900,51.1,2.4,大专及以上,旅游产品设计|酒店运营|客户服务|活动策划
成都,职业与技能培训,教育培训,6.3,12600,42.9,-0.3,本科及以上,教学设计|演讲表达|教材编写|学生管理
成都,医疗器械制造,生物医药,5.7,14600,78.1,2.8,硕士及以上,药学|GMP规范|临床研究|注册法规
扬州,精密机械加工,高端装备制造,24.6,10300,68.7,1.5,大专及以上,机械设计|PLC控制|精益生产|设备调试
扬州,旅行社与旅游产品,文化旅游,18.4,8600,53.5,1.7,大专及以上,旅游产品设计|酒店运营|客户服务|活动策划
扬州,特色农产品种植加工,农业食品,16.0,7800,55.2,0.7,大专及以上,食品工艺|农业技术推广|食品安全法规|品牌营销
承德,新材料研发制造,新材料与环保,24.4,8100,60.0,1.5,硕士及以上,材料表征|检测认证|实验室管理|碳中和核算
承德,食品加工与饮料制造,农业食品,24.2,4900,47.4,3.0,大专及以上,质量检测|农业技术推广|食品安全法规|供应链管理
承德,旅行社与旅游产品,文化旅游,13.3,5300,41.3,1.3,大专及以上,旅游产品设计|酒店运营|客户服务|外语能力
抚州,景区与主题公园运营,文化旅游,24.6,7200,52.1,0.2,大专及以上,旅游产品设计|酒店运营|客户服务|外语能力
抚州,中药与健康产品,生物医药,17.6,12000,63.3,2.4,硕士及以上,药学|分子生物学|临床研究|注册法规
抚州,食品加工与饮料制造,农业食品,17.1,7900,48.3,3.4,大专及以上,质量检测|农业技术推广|食品安全法规|品牌营销
抚顺,石油化工与炼化,能源化工,20.9,10300,57.5,0.7,大专及以上,DCS控制|电气自动化|安全环保管理|设备维护
抚顺,再生资源利用,新材料与环保,16.0,10600,61.0,4.7,硕士及以上,检测认证|工艺优化|实验室管理|碳中和核算
抚顺,通用设备制造,高端装备制造,14.0,9900,79.7,0.6,大专及以上,CAD/CAM|PLC控制|精益生产|设备调试
揭阳,石油化工与炼化,能源化工,21.4,8200,65.5,-0.1,大专及以上,化工工艺|DCS控制|安全环保管理|冶金工艺
揭阳,批发零售与商贸流通,商贸零售,16.0,6500,74.1,2.9,大专及以上,电商运营|用户增长|商品采购|客户关系管理
揭阳,白酒与酿造,农业食品,13.8,5700,47.3,1.6,大专及以上,质量检测|农业技术推广|食品安全法规|品牌营销
文山,食品加工与饮料制造,农业食品,22.3,7200,58.7,0.6,大专及以上,质量检测|农业技术推广|食品安全法规|供应链管理
文山,化学药与生物药制造,生物医药,21.8,10900,61.1,2.0,硕士及以上,药学|分子生物学|临床研究|注册法规
文山,康养与休闲度假,文化旅游,13.4,6600,49.9,0.3,大专及以上,酒店运营|目的地营销|外语能力|活动策划
新乡,医药研发外包(CRO),生物医药,22.2,7900,72.5,3.8,硕士及以上,药学|分子生物学|临床研究|实验室操作
新乡,轨道交通装备制造,高端装备制造,17.9,8100,60.6,0.7,大专及以上,机械设计|CAD/CAM|PLC控制|数控编程
新乡,特色农产品种植加工,农业食品,16.4,5500,58.6,2.1,大专及以上,食品工艺|农业技术推广|食品安全法规|品牌营销
无锡,新材料研发制造,新材料与环保,17.9,10600,68.3,5.7,硕士及以上,材料表征|检测认证|实验室管理|碳中和核算
无锡,智能终端组装制造,半导体电子,15.4,17600,85.7,8.7,本科及以上,微电子|电路设计|嵌入式C|版图设计
无锡,互联网平台运营,信息技术,12.1,15800,72.9,7.5,本科及以上,Python|Java|数据分析|机器学习
无锡,通用设备制造,高端装备制造,12.0,11000,62.7,4.1,大专及以上,机械设计|CAD/CAM|PLC控制|数控编程
日照,煤化工与焦化,能源化工,22.9,9200,51.8,1.6,大专及以上,化工工艺|DCS控制|电气自动化|设备维护
日照,港口航运与货代,现代物流,22.0,7500,67.7,3.3,大专及以上,供应链管理|路径优化|WMS系统|关务合规
日照,景区与主题公园运营,文化旅游,12.6,7000,59.9,-0.7,大专及以上,旅游产品设计|客户服务|目的地营销|外语能力
昆明,特色农产品种植加工,农业食品,14.6,8400,56.1,2.9,大专及以上,食品工艺|质量检测|食品安全法规|品牌营销
昆明,冷链物流,现代物流,13.7,8700,80.4,1.5,大专及以上,供应链管理|国际货代|路径优化|关务合规
昆明,景区与主题公园运营,文化旅游,11.3,7300,62.5,1.0,大专及以上,旅游产品设计|酒店运营|客户服务|活动策划
昆明,医药研发外包(CRO),生物医药,9.9,11900,76.7,3.9,硕士及以上,分子生物学|GMP规范|临床研究|实验室操作
晋中,特色农产品种植加工,农业食品,19.7,5800,65.7,3.9,大专及以上,质量检测|食品安全法规|供应链管理|品牌营销
晋中,电力与热力生产,能源化工,19.2,7600,69.0,0.2,大专及以上,化工工艺|DCS控制|安全环保管理|设备维护
晋中,景区与主题公园运营,文化旅游,15.7,6300,41.6,0.4,大专及以上,旅游产品设计|酒店运营|客户服务|外语能力
晋城,检验检测与认证,新材料与环保,22.9,10100,60.9,2.1,硕士及以上,材料表征|环境工程|工艺优化|实验室管理
晋城,精密机械加工,高端装备制造,16.4,9800,63.1,5.3,大专及以上,机械设计|CAD/CAM|数控编程|设备调试
晋城,有色金属冶炼加工,能源化工,14.4,8800,69.9,1.6,大专及以上,DCS控制|安全环保管理|冶金工艺|设备维护
普洱,医疗器械制造,生物医药,20.8,9500,84.8,2.4,硕士及以上,药学|分子生物学|GMP规范|注册法规
普洱,旅行社与旅游产品,文化旅游,15.3,6800,48.7,1.9,大专及以上,旅游产品设计|酒店运营|客户服务|目的地营销
普洱,食品加工与饮料制造,农业食品,13.2,6600,51.1,1.2,大专及以上,质量检测|农业技术推广|食品安全法规|供应链管理
景德镇,酒店与民宿服务,文化旅游,16.5,4500,66.4,0.8,大专及以上,旅游产品设计|酒店运营|目的地营销|外语能力
景德镇,通用设备制造,高端装备制造,15.3,6900,78.3,2.3,大专及以上,CAD/CAM|PLC控制|精益生产|设备调试
景德镇,动漫游戏制作,文化传媒,13.2,5700,60.6,4.6,本科及以上,内容策划|短视频剪辑|新媒体运营|数据分析
曲靖,有色金属冶炼加工,能源化工,18.7,8200,49.8,0.2,大专及以上,DCS控制|电气自动化|安全环保管理|设备维护
曲靖,工业机器人与自动化,高端装备制造,16.7,9200,60.2,0.5,大专及以上,CAD/CAM|PLC控制|数控编程|设备调试
曲靖,白酒与酿造,农业食品,10.9,6000,55.4,1.9,大专及以上,农业技术推广|食品安全法规|供应链管理|品牌营销
本溪,医疗器械制造,生物医药,24.9,14100,65.8,5.6,硕士及以上,分子生物学|GMP规范|临床研究|注册法规
本溪,煤化工与焦化,能源化工,21.2,11700,63.0,0.9,大专及以上,化工工艺|电气自动化|安全环保管理|设备维护
本溪,再生资源利用,新材料与环保,11.2,14600,77.2,4.6,硕士及以上,材料表征|工艺优化|实验室管理|碳中和核算
杭州,证券与基金服务,金融商务,17.7,28100,67.4,3.6,本科及以上,风险控制|数据建模|投资研究|商务谈判
杭州,批发零售与商贸流通,商贸零售,14.8,15100,70.8,0.2,大专及以上,用户增长|商品采购|客户关系管理|跨境贸易
杭州,影视与短视频内容,文化传媒,14.8,17200,57.3,0.2,本科及以上,内容策划|短视频剪辑|新媒体运营|数据分析
杭州,人工智能与算法服务,信息技术,13.2,30600,82.7,4.3,本科及以上,Python|Java|云计算|系统架构
松原,有色金属冶炼加工,能源化工,19.4,11600,55.1,-0.9,大专及以上,化工工艺|DCS控制|安全环保管理|设备维护
松原,再生资源利用,新材料与环保,15.3,11500,67.3,2.0,硕士及以上,材料表征|环境工程|实验室管理|碳中和核算
松原,食品加工与饮料制造,农业食品,9.8,8000,57.5,0.4,大专及以上,食品工艺|农业技术推广|食品安全法规|供应链管理
柳州,冷链物流,现代物流,21.7,9200,78.8,3.5,大专及以上,供应链管理|国际货代|WMS系统|关务合规
柳州,轨道交通装备制造,高端装备制造,19.8,11100,68.2,1.3,大专及以上,机械设计|CAD/CAM|PLC控制|设备调试
柳州,智能网联汽车,汽车与新能源,17.1,12500,72.8,5.7,本科及以上,嵌入式开发|CAN总线|自动驾驶|整车标定
株洲,仓储与供应链管理,现代物流,26.6,7200,78.1,5.1,大专及以上,供应链管理|国际货代|路径优化|WMS系统
株洲,智能终端组装制造,半导体电子,17.2,13000,82.4,6.2,本科及以上,微电子|嵌入式C|版图设计|测试验证
株洲,工业机器人与自动化,高端装备制造,16.1,9900,75.0,2.7,大专及以上,机械设计|CAD/CAM|数控编程|设备调试
桂林,旅行社与旅游产品,文化旅游,24.8,6300,66.0,-0.9,大专及以上,旅游产品设计|酒店运营|目的地营销|活动策划
桂林,白酒与酿造,农业食品,19.2,6300,61.9,3.7,大专及以上,质量检测|农业技术推广|食品安全法规|品牌营销
桂林,轨道交通装备制造,高端装备制造,17.2,8500,78.5,2.3,大专及以上,机械设计|CAD/CAM|数控编程|设备调试
梅州,仓储与供应链管理,现代物流,19.9,9400,67.7,2.8,大专及以上,仓储运营|国际货代|WMS系统|关务合规
梅州,特色农产品种植加工,农业食品,16.4,7600,44.5,1.6,大专及以上,食品工艺|质量检测|农业技术推广|供应链管理
梅州,酒店与民宿服务,文化旅游,11.8,8500,49.3,-0.3,大专及以上,酒店运营|客户服务|外语能力|活动策划
梧州,白酒与酿造,农业食品,22.1,6900,63.8,1.9,大专及以上,质量检测|农业技术推广|食品安全法规|供应链管理
梧州,冷链物流,现代物流,17.5,8200,79.3,2.0,大专及以上,供应链管理|路径优化|WMS系统|关务合规
梧州,检验检测与认证,新材料与环保,17.2,10400,65.6,5.5,硕士及以上,材料表征|环境工程|检测认证|碳中和核算
榆林,食品加工与饮料制造,农业食品,21.0,6300,50.7,0.6,大专及以上,食品工艺|质量检测|农业技术推广|供应链管理
榆林,检验检测与认证,新材料与环保,20.2,8500,68.4,5.3,硕士及以上,材料表征|检测认证|工艺优化|碳中和核算
榆林,有色金属冶炼加工,能源化工,18.5,8300,57.7,0.4,大专及以上,化工工艺|DCS控制|电气自动化|安全环保管理
武威,酒店与民宿服务,文化旅游,21.9,7000,62.9,2.6,大专及以上,旅游产品设计|客户服务|外语能力|活动策划
武威,特色农产品种植加工,农业食品,12.9,7900,51.7,2.7,大专及以上,农业技术推广|食品安全法规|供应链管理|品牌营销
武威,新材料研发制造,新材料与环保,12.9,11500,67.4,4.9,硕士及以上,检测认证|工艺优化|实验室管理|碳中和核算
武汉,集成电路设计与制造,半导体电子,10.8,22900,79.9,5.1,本科及以上,微电子|半导体工艺|版图设计|测试验证
武汉,职业与技能培训,教育培训,9.5,12400,44.7,-2.3,本科及以上,课程研发|教育心理学|教材编写|学生管理
武汉,医药研发外包(CRO),生物医药,7.3,15200,75.6,4.7,硕士及以上,分子生物学|GMP规范|实验室操作|注册法规
武汉,航空物流与快递,现代物流,6.3,13000,58.7,1.7,大专及以上,仓储运营|国际货代|路径优化|关务合规
武汉,汽车零部件制造,汽车与新能源,5.8,18400,65.4,4.7,本科及以上,嵌入式开发|电池技术|CAN总线|自动驾驶
武汉,互联网平台运营,信息技术,4.9,20100,68.4,6.1,本科及以上,Python|Java|机器学习|云计算
毕节,康养与休闲度假,文化旅游,19.2,6200,59.5,1.1,大专及以上,旅游产品设计|目的地营销|外语能力|活动策划
毕节,畜牧与水产养殖,农业食品,17.1,7500,46.6,2.1,大专及以上,食品工艺|质量检测|食品安全法规|品牌营销
毕节,电力与热力生产,能源化工,15.3,8600,58.9,2.9,大专及以上,化工工艺|DCS控制|电气自动化|冶金工艺
永州,畜牧与水产养殖,农业食品,21.4,8200,50.6,2.9,大专及以上,食品工艺|质量检测|食品安全法规|品牌营销
永州,酒店与民宿服务,文化旅游,20.0,8400,62.2,2.1,大专及以上,旅游产品设计|客户服务|目的地营销|外语能力
永州,工业机器人与自动化,高端装备制造,14.2,10300,64.2,4.7,大专及以上,机械设计|CAD/CAM|精益生产|设备调试
汉中,工业机器人与自动化,高端装备制造,22.9,11300,56.7,4.8,大专及以上,机械设计|PLC控制|精益生产|设备调试
汉中,畜牧与水产养殖,农业食品,21.6,7400,53.2,0.9,大专及以上,食品工艺|质量检测|食品安全法规|供应链管理
汉中,旅行社与旅游产品,文化旅游,17.4,8100,52.8,2.3,大专及以上,酒店运营|客户服务|外语能力|活动策划
汕头,影视与短视频内容,文化传媒,19.7,9900,69.3,4.6,本科及以上,短视频剪辑|新媒体运营|视觉设计|数据分析
汕头,轨道交通装备制造,高端装备制造,14.9,11000,79.0,4.2,大专及以上,CAD/CAM|PLC控制|精益生产|设备调试
汕头,专业市场与展会服务,商贸零售,9.1,8500,56.3,2.2,大专及以上,电商运营|用户增长|商品采购|跨境贸易
江门,检验检测与认证,新材料与环保,20.9,10600,59.5,5.2,硕士及以上,材料表征|检测认证|实验室管理|碳中和核算
江门,工业机器人与自动化,高端装备制造,19.1,9300,60.3,3.5,大专及以上,机械设计|CAD/CAM|PLC控制|数控编程
江门,旅行社与旅游产品,文化旅游,10.9,6600,57.1,1.9,大专及以上,旅游产品设计|酒店运营|客户服务|外语能力
池州,食品加工与饮料制造,农业食品,20.2,7000,44.4,3.4,大专及以上,质量检测|食品安全法规|供应链管理|品牌营销
池州,酒店与民宿服务,文化旅游,14.1,6700,66.0,-0.9,大专及以上,酒店运营|客户服务|目的地营销|外语能力
池州,检验检测与认证,新材料与环保,13.3,10700,75.6,2.0,硕士及以上,环境工程|检测认证|实验室管理|碳中和核算
沈阳,轨道交通装备制造,高端装备制造,16.3,9800,69.6,2.6,大专及以上,CAD/CAM|精益生产|数控编程|设备调试
沈阳,航空物流与快递,现代物流,15.9,7200,62.0,2.1,大专及以上,供应链管理|仓储运营|路径优化|WMS系统
沈阳,动力电池与储能,汽车与新能源,12.1,11100,67.6,2.7,本科及以上,三电系统|电池技术|CAN总线|整车标定
沈阳,电子元器件制造,半导体电子,9.6,14900,70.1,6.4,本科及以上,电路设计|半导体工艺|嵌入式C|测试验证
沧州,电力与热力生产,能源化工,19.8,9800,56.0,0.2,大专及以上,电气自动化|安全环保管理|冶金工艺|设备维护
沧州,精密机械加工,高端装备制造,15.7,9800,65.2,1.8,大专及以上,机械设计|CAD/CAM|PLC控制|精益生产
沧州,港口航运与货代,现代物流,14.4,8000,70.4,3.1,大专及以上,供应链管理|仓储运营|路径优化|WMS系统
河池,食品加工与饮料制造,农业食品,23.5,5800,65.5,2.9,大专及以上,食品工艺|农业技术推广|食品安全法规|品牌营销
河池,旅行社与旅游产品,文化旅游,17.1,6400,58.2,-1.0,大专及以上,旅游产品设计|客户服务|外语能力|活动策划
河池,电力与热力生产,能源化工,11.7,7700,50.4,2.8,大专及以上,DCS控制|电气自动化|安全环保管理|冶金工艺
河源,康养与休闲度假,文化旅游,21.9,6700,41.9,1.6,大专及以上,旅游产品设计|客户服务|外语能力|活动策划
河源,特色农产品种植加工,农业食品,18.3,8200,48.4,1.8,大专及以上,食品工艺|质量检测|供应链管理|品牌营销
河源,新材料研发制造,新材料与环保,16.9,11400,68.6,3.4,硕士及以上,环境工程|工艺优化|实验室管理|碳中和核算
泉州,畜牧与水产养殖,农业食品,20.1,6700,61.1,3.8,大专及以上,质量检测|食品安全法规|供应链管理|品牌营销
泉州,跨境贸易与出海,商贸零售,18.0,6800,65.8,0.2,大专及以上,电商运营|用户增长|客户关系管理|跨境贸易
泉州,工业机器人与自动化,高端装备制造,11.1,8700,57.0,5.4,大专及以上,机械设计|CAD/CAM|PLC控制|精益生产
泰安,新材料研发制造,新材料与环保,18.3,11000,56.5,2.8,硕士及以上,材料表征|环境工程|检测认证|实验室管理
泰安,旅行社与旅游产品,文化旅游,16.4,8400,54.2,-1.2,大专及以上,旅游产品设计|客户服务|外语能力|活动策划
泰安,通用设备制造,高端装备制造,9.6,11500,64.9,4.4,大专及以上,PLC控制|精益生产|数控编程|设备调试
泸州,仓储与供应链管理,现代物流,24.7,7200,66.5,2.5,大专及以上,仓储运营|路径优化|WMS系统|关务合规
泸州,白酒与酿造,农业食品,18.6,7400,62.8,0.9,大专及以上,农业技术推广|食品安全法规|供应链管理|品牌营销
泸州,电力与热力生产,能源化工,18.4,8500,66.4,-1.4,大专及以上,化工工艺|电气自动化|安全环保管理|冶金工艺
洛阳,精密机械加工,高端装备制造,15.4,10300,68.6,1.8,大专及以上,CAD/CAM|PLC控制|精益生产|设备调试
洛阳,检验检测与认证,新材料与环保,11.9,12100,63.9,2.4,硕士及以上,材料表征|检测认证|工艺优化|实验室管理
洛阳,电力与热力生产,能源化工,11.5,9200,59.9,0.2,大专及以上,化工工艺|DCS控制|电气自动化|安全环保管理
洛阳,旅行社与旅游产品,文化旅游,9.0,7300,52.9,0.8,大专及以上,旅游产品设计|酒店运营|客户服务|外语能力
济南,中药与健康产品,生物医药,14.1,10700,66.6,4.3,硕士及以上,药学|分子生物学|GMP规范|临床研究
济南,留学与国际教育,教育培训,13.5,8500,54.6,2.7,本科及以上,教学设计|课程研发|教育心理学|教材编写
济南,工业机器人与自动化,高端装备制造,12.6,9800,58.2,4.8,大专及以上,机械设计|CAD/CAM|精益生产|设备调试
济南,人工智能与算法服务,信息技术,10.0,16700,91.2,8.3,本科及以上,Python|Java|云计算|系统架构
济南,供应链金融与风控,金融商务,9.3,13600,63.2,0.1,本科及以上,财务分析|风险控制|数据建模|投资研究
济宁,通用设备制造,高端装备制造,18.8,9000,56.1,1.5,大专及以上,CAD/CAM|PLC控制|数控编程|设备调试
济宁,旅行社与旅游产品,文化旅游,16.2,7300,47.2,0.1,大专及以上,旅游产品设计|酒店运营|外语能力|活动策划
济宁,有色金属冶炼加工,能源化工,13.9,9300,56.1,0.1,大专及以上,DCS控制|电气自动化|安全环保管理|设备维护
海口,房屋建筑与市政工程,建筑地产,21.0,8000,48.0,-2.0,大专及以上,结构设计|BIM建模|工程造价|项目管理
海口,专业市场与展会服务,商贸零售,14.5,6100,67.7,3.9,大专及以上,电商运营|用户增长|直播营销|客户关系管理
海口,景区与主题公园运营,文化旅游,12.2,5700,55.4,0.3,大专及以上,酒店运营|目的地营销|外语能力|活动策划
淄博,再生资源利用,新材料与环保,23.7,11200,64.5,1.9,硕士及以上,材料表征|环境工程|检测认证|实验室管理
淄博,石油化工与炼化,能源化工,19.2,9400,69.9,1.2,大专及以上,DCS控制|安全环保管理|冶金工艺|设备维护
淄博,轨道交通装备制造,高端装备制造,13.6,10300,77.5,3.9,大专及以上,机械设计|PLC控制|精益生产|数控编程
淮南,煤化工与焦化,能源化工,21.5,8400,51.1,2.8,大专及以上,DCS控制|电气自动化|冶金工艺|设备维护
淮南,检验检测与认证,新材料与环保,18.6,10000,63.0,2.4,硕士及以上,材料表征|检测认证|工艺优化|碳中和核算
淮南,精密机械加工,高端装备制造,17.3,8600,65.5,4.7,大专及以上,机械设计|CAD/CAM|PLC控制|数控编程
淮安,航空物流与快递,现代物流,19.1,8000,60.4,3.2,大专及以上,供应链管理|仓储运营|国际货代|关务合规
淮安,通用设备制造,高端装备制造,18.5,9900,69.7,2.0,大专及以上,CAD/CAM|PLC控制|精益生产|数控编程
淮安,畜牧与水产养殖,农业食品,15.5,6300,67.3,0.9,大专及以上,食品工艺|质量检测|食品安全法规|供应链管理
深圳,集成电路设计与制造,半导体电子,19.4,27300,87.2,6.2,本科及以上,电路设计|嵌入式C|版图设计|测试验证
深圳,人工智能与算法服务,信息技术,12.9,30300,75.7,5.4,本科及以上,Python|Java|云计算|系统架构
深圳,银行与保险服务,金融商务,11.2,28000,65.8,3.5,本科及以上,风险控制|数据建模|投资研究|商务谈判
深圳,仓储与供应链管理,现代物流,11.0,15900,63.4,2.8,大专及以上,仓储运营|国际货代|路径优化|关务合规
清远,节能环保工程,新材料与环保,17.5,11400,65.1,3.4,硕士及以上,材料表征|环境工程|检测认证|碳中和核算
清远,精密机械加工,高端装备制造,17.4,11500,74.5,2.6,大专及以上,机械设计|PLC控制|数控编程|设备调试
清远,特色农产品种植加工,农业食品,10.8,7900,54.8,0.4,大专及以上,食品工艺|质量检测|食品安全法规|供应链管理
温州,专业市场与展会服务,商贸零售,16.0,8300,59.1,1.8,大专及以上,用户增长|直播营销|商品采购|客户关系管理
温州,工业机器人与自动化,高端装备制造,15.4,12000,74.0,4.8,大专及以上,机械设计|精益生产|数控编程|设备调试
温州,会计审计与咨询,金融商务,13.2,14100,71.2,1.6,本科及以上,财务分析|会计实务|数据建模|商务谈判
渭南,煤化工与焦化,能源化工,20.5,7600,47.3,0.8,大专及以上,DCS控制|安全环保管理|冶金工艺|设备维护
渭南,景区与主题公园运营,文化旅游,19.9,5400,66.1,2.8,大专及以上,客户服务|目的地营销|外语能力|活动策划
渭南,畜牧与水产养殖,农业食品,12.1,5900,43.3,1.7,大专及以上,食品工艺|农业技术推广|食品安全法规|品牌营销
湖州,检验检测与认证,新材料与环保,24.1,7400,54.7,4.0,硕士及以上,材料表征|环境工程|工艺优化|碳中和核算
湖州,康养与休闲度假,文化旅游,22.4,4800,51.9,2.2,大专及以上,旅游产品设计|酒店运营|目的地营销|外语能力
湖州,通用设备制造,高端装备制造,13.2,7000,72.6,4.0,大专及以上,机械设计|CAD/CAM|PLC控制|精益生产
湘潭,新能源汽车整车制造,汽车与新能源,17.1,12700,76.8,5.9,本科及以上,三电系统|电池技术|CAN总线|自动驾驶
湘潭,轨道交通装备制造,高端装备制造,14.8,8900,67.8,4.8,大专及以上,机械设计|CAD/CAM|PLC控制|设备调试
湘潭,教育与科研机构,公共服务,13.1,9400,50.2,1.8,本科及以上,行政能力|医疗护理技能|教育教学法|社区服务
湛江,食品加工与饮料制造,农业食品,19.6,7000,47.7,2.7,大专及以上,质量检测|农业技术推广|食品安全法规|品牌营销
湛江,仓储与供应链管理,现代物流,19.3,8300,65.5,5.3,大专及以上,供应链管理|仓储运营|国际货代|WMS系统
湛江,煤化工与焦化,能源化工,10.0,8100,50.2,0.1,大专及以上,化工工艺|DCS控制|安全环保管理|设备维护
滨州,石油化工与炼化,能源化工,27.3,8100,47.8,1.9,大专及以上,化工工艺|电气自动化|安全环保管理|设备维护
滨州,畜牧与水产养殖,农业食品,18.5,5800,43.6,3.0,大专及以上,质量检测|农业技术推广|食品安全法规|供应链管理
滨州,轨道交通装备制造,高端装备制造,15.9,7300,56.6,1.6,大专及以上,CAD/CAM|PLC控制|数控编程|设备调试
漯河,电子商务运营,商贸零售,18.4,7200,53.8,4.2,大专及以上,电商运营|用户增长|直播营销|商品采购
漯河,畜牧与水产养殖,农业食品,17.0,7400,54.3,1.4,大专及以上,质量检测|农业技术推广|供应链管理|品牌营销
漯河,冷链物流,现代物流,14.9,8500,74.8,3.2,大专及以上,供应链管理|仓储运营|路径优化|关务合规
漳州,旅行社与旅游产品,文化旅游,18.6,8700,58.3,1.8,大专及以上,旅游产品设计|酒店运营|目的地营销|活动策划
漳州,工业机器人与自动化,高端装备制造,18.6,11600,66.6,0.8,大专及以上,机械设计|PLC控制|精益生产|设备调试
漳州,白酒与酿造,农业食品,15.5,9100,58.4,1.8,大专及以上,食品工艺|质量检测|供应链管理|品牌营销
潍坊,电力与热力生产,能源化工,23.7,8700,68.8,-2.0,大专及以上,化工工艺|电气自动化|冶金工艺|设备维护
潍坊,工业机器人与自动化,高端装备制造,14.5,10100,65.8,4.3,大专及以上,机械设计|CAD/CAM|PLC控制|精益生产
潍坊,白酒与酿造,农业食品,11.6,7800,61.1,3.5,大专及以上,质量检测|农业技术推广|食品安全法规|品牌营销
潮州,跨境贸易与出海,商贸零售,18.9,7900,56.7,1.7,大专及以上,电商运营|用户增长|客户关系管理|跨境贸易
潮州,特色农产品种植加工,农业食品,16.6,7800,45.7,0.5,大专及以上,食品工艺|农业技术推广|供应链管理|品牌营销
潮州,广告与品牌营销,文化传媒,11.0,9100,50.8,-0.1,本科及以上,内容策划|短视频剪辑|新媒体运营|文案写作
澳门,批发零售与商贸流通,商贸零售,19.5,4100,51.1,2.3,大专及以上,电商运营|直播营销|商品采购|跨境贸易
澳门,供应链金融与风控,金融商务,18.1,7600,74.9,3.3,本科及以上,财务分析|风险控制|会计实务|数据建模
澳门,景区与主题公园运营,文化旅游,17.0,4000,50.7,1.9,大专及以上,旅游产品设计|客户服务|外语能力|活动策划
濮阳,节能环保工程,新材料与环保,18.9,10700,68.4,1.1,硕士及以上,环境工程|检测认证|工艺优化|碳中和核算
濮阳,煤化工与焦化,能源化工,17.6,11100,47.5,2.2,大专及以上,化工工艺|电气自动化|安全环保管理|冶金工艺
濮阳,食品加工与饮料制造,农业食品,15.6,8500,56.7,1.1,大专及以上,食品工艺|质量检测|农业技术推广|品牌营销
烟台,轨道交通装备制造,高端装备制造,27.5,10800,73.3,5.6,大专及以上,CAD/CAM|PLC控制|数控编程|设备调试
烟台,白酒与酿造,农业食品,17.4,7900,49.1,2.1,大专及以上,食品工艺|质量检测|农业技术推广|品牌营销
烟台,电力与热力生产,能源化工,16.3,11600,49.0,-1.7,大专及以上,化工工艺|电气自动化|安全环保管理|设备维护
焦作,电力与热力生产,能源化工,25.5,9700,65.1,-0.6,大专及以上,电气自动化|安全环保管理|冶金工艺|设备维护
焦作,新材料研发制造,新材料与环保,17.6,9100,77.9,4.8,硕士及以上,材料表征|环境工程|检测认证|碳中和核算
焦作,轨道交通装备制造,高端装备制造,13.8,8700,66.4,1.1,大专及以上,CAD/CAM|PLC控制|精益生产|数控编程
牡丹江,冷链物流,现代物流,20.8,9200,75.7,2.9,大专及以上,供应链管理|仓储运营|国际货代|关务合规
牡丹江,旅行社与旅游产品,文化旅游,11.5,7000,52.3,1.1,大专及以上,旅游产品设计|客户服务|目的地营销|活动策划
牡丹江,食品加工与饮料制造,农业食品,10.0,8300,43.8,0.0,大专及以上,食品工艺|质量检测|农业技术推广|供应链管理
玉林,工业机器人与自动化,高端装备制造,26.7,10200,79.3,0.6,大专及以上,机械设计|CAD/CAM|数控编程|设备调试
玉林,食品加工与饮料制造,农业食品,19.0,7200,51.4,2.7,大专及以上,食品工艺|质量检测|农业技术推广|食品安全法规
玉林,专业市场与展会服务,商贸零售,14.2,7600,59.9,3.3,大专及以上,直播营销|商品采购|客户关系管理|跨境贸易
玉溪,有色金属冶炼加工,能源化工,17.7,9000,59.5,-0.3,大专及以上,化工工艺|DCS控制|冶金工艺|设备维护
玉溪,医疗器械制造,生物医药,16.1,10700,79.6,2.3,硕士及以上,药学|分子生物学|GMP规范|临床研究
玉溪,食品加工与饮料制造,农业食品,14.1,7300,65.9,3.8,大专及以上,质量检测|农业技术推广|食品安全法规|供应链管理
珠海,景区与主题公园运营,文化旅游,23.0,8300,64.3,0.4,大专及以上,旅游产品设计|客户服务|目的地营销|外语能力
珠海,通用设备制造,高端装备制造,22.2,10300,71.5,4.8,大专及以上,CAD/CAM|PLC控制|精益生产|数控编程
珠海,智能终端组装制造,半导体电子,13.9,15800,70.4,6.0,本科及以上,微电子|嵌入式C|版图设计|测试验证
白城,新能源汽车整车制造,汽车与新能源,19.9,14400,67.7,5.8,本科及以上,三电系统|电池技术|自动驾驶|整车标定
白城,旅行社与旅游产品,文化旅游,18.3,8000,55.7,1.2,大专及以上,旅游产品设计|目的地营销|外语能力|活动策划
白城,轨道交通装备制造,高端装备制造,18.0,12100,62.6,2.3,大专及以上,CAD/CAM|精益生产|数控编程|设备调试
白山,白酒与酿造,农业食品,26.7,8100,61.9,1.8,大专及以上,食品工艺|食品安全法规|供应链管理|品牌营销
白山,再生资源利用,新材料与环保,16.9,10700,63.3,4.4,硕士及以上,环境工程|检测认证|工艺优化|实验室管理
白山,景区与主题公园运营,文化旅游,14.7,7600,65.2,0.9,大专及以上,酒店运营|客户服务|目的地营销|外语能力
百色,新材料研发制造,新材料与环保,17.1,10500,54.2,6.0,硕士及以上,材料表征|检测认证|工艺优化|实验室管理
百色,煤化工与焦化,能源化工,15.9,11300,50.3,-1.4,大专及以上,化工工艺|DCS控制|电气自动化|冶金工艺
百色,畜牧与水产养殖,农业食品,13.3,8000,53.1,3.6,大专及以上,食品工艺|质量检测|食品安全法规|供应链管理
益阳,食品加工与饮料制造,农业食品,17.6,6900,50.4,2.8,大专及以上,食品工艺|质量检测|供应链管理|品牌营销
益阳,新材料研发制造,新材料与环保,17.1,10800,75.3,2.8,硕士及以上,环境工程|检测认证|实验室管理|碳中和核算
益阳,景区与主题公园运营,文化旅游,13.9,7300,54.5,1.9,大专及以上,旅游产品设计|酒店运营|目的地营销|活动策划
盐城,特色农产品种植加工,农业食品,16.9,8000,67.7,0.4,大专及以上,食品工艺|质量检测|农业技术推广|供应链管理
盐城,智能网联汽车,汽车与新能源,16.2,11000,69.2,4.6,本科及以上,三电系统|嵌入式开发|CAN总线|自动驾驶
盐城,轨道交通装备制造,高端装备制造,13.4,10400,76.6,1.7,大专及以上,PLC控制|精益生产|数控编程|设备调试
盘锦,电力与热力生产,能源化工,17.5,7700,59.8,-0.9,大专及以上,化工工艺|电气自动化|安全环保管理|设备维护
盘锦,新材料研发制造,新材料与环保,15.6,9600,74.3,1.1,硕士及以上,环境工程|检测认证|工艺优化|实验室管理
盘锦,白酒与酿造,农业食品,14.9,7000,57.2,3.7,大专及以上,食品工艺|质量检测|农业技术推广|供应链管理
眉山,通用设备制造,高端装备制造,22.9,7400,71.0,4.8,大专及以上,PLC控制|精益生产|数控编程|设备调试
眉山,景区与主题公园运营,文化旅游,18.6,5200,52.0,0.8,大专及以上,酒店运营|客户服务|外语能力|活动策划
眉山,白酒与酿造,农业食品,18.0,5400,47.1,1.6,大专及以上,食品工艺|农业技术推广|供应链管理|品牌营销
石家庄,冷链物流,现代物流,14.6,8000,81.0,4.6,大专及以上,供应链管理|路径优化|WMS系统|关务合规
石家庄,医药研发外包(CRO),生物医药,12.1,11600,73.7,3.5,硕士及以上,药学|GMP规范|临床研究|实验室操作
石家庄,精密机械加工,高端装备制造,11.5,9400,76.8,2.1,大专及以上,CAD/CAM|PLC控制|精益生产|设备调试
石家庄,跨境贸易与出海,商贸零售,8.3,7800,62.8,2.8,大专及以上,用户增长|直播营销|客户关系管理|跨境贸易
石河子,白酒与酿造,农业食品,21.3,8700,61.9,2.1,大专及以上,食品工艺|质量检测|食品安全法规|供应链管理
石河子,有色金属冶炼加工,能源化工,16.1,11800,63.3,-0.1,大专及以上,化工工艺|电气自动化|安全环保管理|设备维护
石河子,轨道交通装备制造,高端装备制造,11.6,12300,67.4,3.9,大专及以上,机械设计|PLC控制|精益生产|数控编程
福州,景区与主题公园运营,文化旅游,23.3,6100,64.9,3.8,大专及以上,旅游产品设计|客户服务|目的地营销|活动策划
福州,跨境贸易与出海,商贸零售,15.3,6200,64.7,2.0,大专及以上,电商运营|直播营销|客户关系管理|跨境贸易
福州,仓储与供应链管理,现代物流,11.3,7200,73.4,1.1,大专及以上,供应链管理|国际货代|路径优化|WMS系统
福州,软件开发与信息服务,信息技术,11.0,12200,86.1,8.3,本科及以上,数据分析|机器学习|云计算|系统架构
秦皇岛,航空物流与快递,现代物流,23.4,8500,58.4,4.9,大专及以上,仓储运营|国际货代|路径优化|WMS系统
秦皇岛,酒店与民宿服务,文化旅游,19.1,6800,60.6,0.5,大专及以上,酒店运营|客户服务|外语能力|活动策划
秦皇岛,工业机器人与自动化,高端装备制造,19.1,11200,79.0,3.2,大专及以上,机械设计|精益生产|数控编程|设备调试
红河,电力与热力生产,能源化工,27.6,11800,51.8,2.2,大专及以上,DCS控制|电气自动化|安全环保管理|设备维护
红河,畜牧与水产养殖,农业食品,18.2,8800,44.0,2.7,大专及以上,质量检测|农业技术推广|食品安全法规|品牌营销
红河,酒店与民宿服务,文化旅游,15.8,8400,64.6,0.1,大专及以上,旅游产品设计|酒店运营|客户服务|外语能力
绍兴,出版与数字媒体,文化传媒,21.3,7300,63.7,2.8,本科及以上,短视频剪辑|新媒体运营|视觉设计|数据分析
绍兴,工业机器人与自动化,高端装备制造,20.8,8500,76.9,2.6,大专及以上,机械设计|CAD/CAM|精益生产|数控编程
绍兴,再生资源利用,新材料与环保,18.3,10000,58.9,1.9,硕士及以上,环境工程|检测认证|工艺优化|实验室管理
绵阳,互联网平台运营,信息技术,20.7,14800,69.2,3.2,本科及以上,Java|数据分析|机器学习|云计算
绵阳,集成电路设计与制造,半导体电子,15.7,14200,67.9,4.6,本科及以上,微电子|电路设计|半导体工艺|测试验证
绵阳,精密机械加工,高端装备制造,11.7,9600,66.8,3.3,大专及以上,CAD/CAM|PLC控制|数控编程|设备调试
聊城,特色农产品种植加工,农业食品,17.0,8400,54.0,1.2,大专及以上,食品工艺|质量检测|农业技术推广|供应链管理
聊城,电子商务运营,商贸零售,15.1,7600,58.8,1.4,大专及以上,电商运营|用户增长|客户关系管理|跨境贸易
聊城,精密机械加工,高端装备制造,13.9,10800,75.5,4.2,大专及以上,机械设计|CAD/CAM|PLC控制|设备调试
肇庆,新材料研发制造,新材料与环保,16.4,9600,64.2,5.4,硕士及以上,材料表征|工艺优化|实验室管理|碳中和核算
肇庆,通用设备制造,高端装备制造,16.0,8800,55.2,1.7,大专及以上,机械设计|CAD/CAM|精益生产|设备调试
肇庆,景区与主题公园运营,文化旅游,13.7,6600,40.7,-0.1,大专及以上,酒店运营|客户服务|外语能力|活动策划
自贡,新材料研发制造,新材料与环保,19.2,8500,60.8,5.5,硕士及以上,材料表征|检测认证|实验室管理|碳中和核算
自贡,有色金属冶炼加工,能源化工,17.7,7700,52.4,0.2,大专及以上,化工工艺|电气自动化|安全环保管理|冶金工艺
自贡,特色农产品种植加工,农业食品,16.3,7000,49.2,2.7,大专及以上,食品工艺|质量检测|农业技术推广|食品安全法规
舟山,有色金属冶炼加工,能源化工,17.4,9800,49.2,-1.8,大专及以上,DCS控制|电气自动化|安全环保管理|冶金工艺
舟山,冷链物流,现代物流,14.6,9100,73.1,5.0,大专及以上,仓储运营|国际货代|路径优化|关务合规
舟山,旅行社与旅游产品,文化旅游,13.1,8400,58.3,4.1,大专及以上,旅游产品设计|酒店运营|外语能力|活动策划
芜湖,汽车零部件制造,汽车与新能源,16.9,11000,71.3,4.5,本科及以上,嵌入式开发|电池技术|自动驾驶|整车标定
芜湖,仓储与供应链管理,现代物流,15.5,8100,59.4,2.7,大专及以上,供应链管理|国际货代|WMS系统|关务合规
芜湖,轨道交通装备制造,高端装备制造,13.3,9300,72.7,1.8,大专及以上,机械设计|CAD/CAM|精益生产|数控编程
苏州,节能环保工程,新材料与环保,14.5,17300,72.4,1.1,硕士及以上,检测认证|工艺优化|实验室管理|碳中和核算
苏州,医药研发外包(CRO),生物医药,12.5,18000,74.1,1.8,硕士及以上,药学|分子生物学|临床研究|实验室操作
苏州,通用设备制造,高端装备制造,10.3,17600,71.3,2.8,大专及以上,机械设计|CAD/CAM|PLC控制|精益生产
苏州,光电显示器件制造,半导体电子,7.5,25300,76.7,8.0,本科及以上,微电子|半导体工艺|嵌入式C|版图设计
茂名,煤化工与焦化,能源化工,19.8,7500,68.3,-1.1,大专及以上,DCS控制|电气自动化|冶金工艺|设备维护
茂名,节能环保工程,新材料与环保,14.5,7800,54.1,1.8,硕士及以上,材料表征|环境工程|检测认证|工艺优化
茂名,特色农产品种植加工,农业食品,12.3,5200,56.7,2.6,大专及以上,食品工艺|农业技术推广|供应链管理|品牌营销
荆州,仓储与供应链管理,现代物流,22.5,6500,79.3,1.2,大专及以上,仓储运营|国际货代|路径优化|WMS系统
荆州,食品加工与饮料制造,农业食品,19.3,6300,58.7,0.0,大专及以上,食品工艺|质量检测|食品安全法规|品牌营销
荆州,通用设备制造,高端装备制造,17.2,8800,59.5,3.1,大专及以上,CAD/CAM|精益生产|数控编程|设备调试
莆田,批发零售与商贸流通,商贸零售,17.2,6800,53.2,3.2,大专及以上,电商运营|用户增长|商品采购|跨境贸易
莆田,医疗器械制造,生物医药,16.9,10100,75.0,3.7,硕士及以上,分子生物学|GMP规范|临床研究|注册法规
莆田,畜牧与水产养殖,农业食品,11.9,7500,43.0,2.4,大专及以上,食品工艺|食品安全法规|供应链管理|品牌营销
萍乡,轨道交通装备制造,高端装备制造,19.1,8100,79.4,1.4,大专及以上,机械设计|精益生产|数控编程|设备调试
萍乡,新材料研发制造,新材料与环保,16.2,8900,75.5,4.6,硕士及以上,环境工程|工艺优化|实验室管理|碳中和核算
萍乡,石油化工与炼化,能源化工,14.6,8000,68.1,2.2,大专及以上,电气自动化|安全环保管理|冶金工艺|设备维护
营口,通用设备制造,高端装备制造,23.6,11200,64.5,2.3,大专及以上,机械设计|PLC控制|精益生产|数控编程
营口,石油化工与炼化,能源化工,18.2,9900,49.8,-1.3,大专及以上,化工工艺|DCS控制|电气自动化|冶金工艺
营口,航空物流与快递,现代物流,14.9,7900,77.6,2.0,大专及以上,供应链管理|路径优化|WMS系统|关务合规
葫芦岛,通用设备制造,高端装备制造,22.6,10400,74.8,5.4,大专及以上,机械设计|CAD/CAM|精益生产|设备调试
葫芦岛,电力与热力生产,能源化工,13.5,9300,50.2,2.5,大专及以上,化工工艺|电气自动化|冶金工艺|设备维护
葫芦岛,酒店与民宿服务,文化旅游,13.4,7700,64.4,-0.2,大专及以上,旅游产品设计|客户服务|目的地营销|外语能力
蚌埠,食品加工与饮料制造,农业食品,18.2,5600,57.3,2.3,大专及以上,食品工艺|质量检测|农业技术推广|供应链管理
蚌埠,新材料研发制造,新材料与环保,14.6,7700,67.7,3.7,硕士及以上,材料表征|环境工程|实验室管理|碳中和核算
蚌埠,精密机械加工,高端装备制造,11.9,8900,67.8,5.4,大专及以上,机械设计|CAD/CAM|数控编程|设备调试
衡水,食品加工与饮料制造,农业食品,21.7,5900,55.5,3.9,大专及以上,食品工艺|食品安全法规|供应链管理|品牌营销
衡水,再生资源利用,新材料与环保,19.9,8400,58.3,2.1,硕士及以上,材料表征|环境工程|检测认证|碳中和核算
衡水,轨道交通装备制造,高端装备制造,16.2,9400,60.7,0.9,大专及以上,CAD/CAM|PLC控制|精益生产|数控编程
衡阳,白酒与酿造,农业食品,21.5,5600,61.0,0.7,大专及以上,食品工艺|质量检测|农业技术推广|供应链管理
衡阳,轨道交通装备制造,高端装备制造,20.6,8500,63.8,5.0,大专及以上,机械设计|CAD/CAM|数控编程|设备调试
衡阳,节能环保工程,新材料与环保,12.3,7700,52.9,3.6,硕士及以上,材料表征|环境工程|检测认证|碳中和核算
衢州,通用设备制造,高端装备制造,17.4,12100,61.3,2.8,大专及以上,CAD/CAM|精益生产|数控编程|设备调试
衢州,新材料研发制造,新材料与环保,15.4,12300,61.8,3.1,硕士及以上,材料表征|环境工程|检测认证|实验室管理
衢州,特色农产品种植加工,农业食品,13.6,8700,64.1,2.9,大专及以上,食品工艺|质量检测|食品安全法规|品牌营销
襄阳,新能源汽车整车制造,汽车与新能源,20.6,13100,81.8,4.7,本科及以上,三电系统|电池技术|CAN总线|整车标定
襄阳,通用设备制造,高端装备制造,18.1,10300,70.1,4.5,大专及以上,机械设计|CAD/CAM|PLC控制|数控编程
襄阳,白酒与酿造,农业食品,11.2,7900,56.1,2.1,大专及以上,食品工艺|农业技术推广|食品安全法规|供应链管理
西双版纳,食品加工与饮料制造,农业食品,18.0,6900,42.0,3.9,大专及以上,食品工艺|质量检测|食品安全法规|品牌营销
西双版纳,旅行社与旅游产品,文化旅游,17.6,7300,40.6,2.5,大专及以上,旅游产品设计|酒店运营|目的地营销|活动策划
西双版纳,仓储与供应链管理,现代物流,15.7,8200,76.3,3.8,大专及以上,供应链管理|仓储运营|路径优化|WMS系统
西宁,食品加工与饮料制造,农业食品,22.1,7200,58.4,1.3,大专及以上,质量检测|农业技术推广|食品安全法规|品牌营销
西宁,再生资源利用,新材料与环保,13.3,11300,72.8,2.2,硕士及以上,材料表征|环境工程|工艺优化|碳中和核算
西宁,有色金属冶炼加工,能源化工,12.3,10200,56.6,0.4,大专及以上,化工工艺|DCS控制|安全环保管理|设备维护
西安,光电显示器件制造,半导体电子,13.9,13700,80.5,6.3,本科及以上,电路设计|半导体工艺|版图设计|测试验证
西安,云计算与大数据服务,信息技术,12.3,14200,71.2,3.5,本科及以上,Python|数据分析|机器学习|云计算
西安,教育科技与内容,教育培训,12.3,7300,60.3,-2.3,本科及以上,教学设计|课程研发|教育心理学|学生管理
西安,轨道交通装备制造,高端装备制造,9.6,9400,70.7,1.4,大专及以上,PLC控制|精益生产|数控编程|设备调试
西安,景区与主题公园运营,文化旅游,8.6,6800,40.4,-0.2,大专及以上,旅游产品设计|酒店运营|外语能力|活动策划
西藏,景区与主题公园运营,文化旅游,24.1,4000,56.8,-1.3,大专及以上,旅游产品设计|客户服务|目的地营销|外语能力
西藏,社会保障与社区服务,公共服务,20.8,4700,49.2,1.4,本科及以上,行政能力|医疗护理技能|教育教学法|社区服务
西藏,特色农产品种植加工,农业食品,16.9,3900,67.4,0.6,大专及以上,农业技术推广|食品安全法规|供应链管理|品牌营销
许昌,工业机器人与自动化,高端装备制造,14.5,11000,78.1,0.8,大专及以上,PLC控制|精益生产|数控编程|设备调试
许昌,检验检测与认证,新材料与环保,14.5,10800,74.8,1.8,硕士及以上,材料表征|工艺优化|实验室管理|碳中和核算
许昌,食品加工与饮料制造,农业食品,13.9,6800,65.1,1.8,大专及以上,食品工艺|农业技术推广|供应链管理|品牌营销
贵阳,有色金属冶炼加工,能源化工,14.3,8700,46.8,0.4,大专及以上,化工工艺|DCS控制|安全环保管理|设备维护
贵阳,景区与主题公园运营,文化旅游,13.4,6000,45.4,0.1,大专及以上,旅游产品设计|酒店运营|外语能力|活动策划
贵阳,互联网平台运营,信息技术,10.2,14300,84.4,6.2,本科及以上,Python|数据分析|机器学习|云计算
贵阳,新材料研发制造,新材料与环保,9.9,9900,66.1,1.4,硕士及以上,材料表征|检测认证|实验室管理|碳中和核算
贺州,景区与主题公园运营,文化旅游,22.0,7300,66.1,-0.5,大专及以上,酒店运营|客户服务|目的地营销|外语能力
贺州,畜牧与水产养殖,农业食品,19.9,7000,48.9,0.7,大专及以上,质量检测|农业技术推广|食品安全法规|供应链管理
贺州,再生资源利用,新材料与环保,17.4,10900,61.7,5.2,硕士及以上,材料表征|工艺优化|实验室管理|碳中和核算
赣州,精密机械加工,高端装备制造,18.6,9900,73.0,2.0,大专及以上,机械设计|CAD/CAM|PLC控制|数控编程
赣州,再生资源利用,新材料与环保,14.6,9200,58.1,5.9,硕士及以上,环境工程|检测认证|工艺优化|碳中和核算
赣州,畜牧与水产养殖,农业食品,13.9,6800,60.4,2.7,大专及以上,食品工艺|农业技术推广|食品安全法规|供应链管理
赤峰,电力与热力生产,能源化工,28.4,9800,49.3,-0.8,大专及以上,化工工艺|DCS控制|电气自动化|冶金工艺
赤峰,康养与休闲度假,文化旅游,19.6,6600,46.4,0.6,大专及以上,旅游产品设计|酒店运营|客户服务|目的地营销
赤峰,食品加工与饮料制造,农业食品,12.9,7300,61.2,2.9,大专及以上,食品工艺|质量检测|农业技术推广|食品安全法规
辽源,检验检测与认证,新材料与环保,16.7,7700,62.6,5.5,硕士及以上,材料表征|环境工程|检测认证|碳中和核算
辽源,食品加工与饮料制造,农业食品,15.4,5900,61.8,2.0,大专及以上,食品工艺|农业技术推广|食品安全法规|品牌营销
辽源,轨道交通装备制造,高端装备制造,10.1,7400,67.4,0.7,大专及以上,机械设计|CAD/CAM|精益生产|设备调试
达州,石油化工与炼化,能源化工,17.3,11600,48.9,2.1,大专及以上,化工工艺|电气自动化|安全环保管理|设备维护
达州,仓储与供应链管理,现代物流,16.1,10000,69.2,3.0,大专及以上,仓储运营|国际货代|路径优化|关务合规
达州,畜牧与水产养殖,农业食品,8.8,10200,42.2,2.4,大专及以上,质量检测|农业技术推广|食品安全法规|供应链管理
运城,白酒与酿造,农业食品,16.5,7700,62.2,0.2,大专及以上,食品工艺|质量检测|农业技术推广|品牌营销
运城,景区与主题公园运营,文化旅游,16.2,6400,48.8,1.2,大专及以上,旅游产品设计|酒店运营|客户服务|目的地营销
运城,石油化工与炼化,能源化工,13.7,9900,46.4,2.0,大专及以上,DCS控制|安全环保管理|冶金工艺|设备维护
连云港,有色金属冶炼加工,能源化工,21.7,9100,47.8,-0.6,大专及以上,电气自动化|安全环保管理|冶金工艺|设备维护
连云港,冷链物流,现代物流,19.4,9300,63.1,5.4,大专及以上,供应链管理|仓储运营|路径优化|WMS系统
连云港,节能环保工程,新材料与环保,19.4,12000,70.2,2.3,硕士及以上,材料表征|环境工程|工艺优化|碳中和核算
通化,轨道交通装备制造,高端装备制造,17.5,9900,77.1,5.8,大专及以上,机械设计|精益生产|数控编程|设备调试
通化,化学药与生物药制造,生物医药,16.7,10600,60.4,2.2,硕士及以上,药学|GMP规范|实验室操作|注册法规
通化,食品加工与饮料制造,农业食品,11.2,7300,54.6,2.0,大专及以上,食品工艺|质量检测|食品安全法规|供应链管理
通辽,电力与热力生产,能源化工,21.9,8200,65.7,0.0,大专及以上,化工工艺|电气自动化|安全环保管理|冶金工艺
通辽,仓储与供应链管理,现代物流,18.1,7800,78.9,1.7,大专及以上,供应链管理|仓储运营|国际货代|路径优化
通辽,白酒与酿造,农业食品,12.8,6100,51.3,1.2,大专及以上,食品工艺|质量检测|农业技术推广|品牌营销
遵义,白酒与酿造,农业食品,26.7,7800,60.5,1.3,大专及以上,食品工艺|食品安全法规|供应链管理|品牌营销
遵义,煤化工与焦化,能源化工,19.9,10900,49.4,-0.8,大专及以上,DCS控制|电气自动化|安全环保管理|设备维护
遵义,旅行社与旅游产品,文化旅游,12.7,8700,46.5,4.2,大专及以上,旅游产品设计|酒店运营|外语能力|活动策划
邢台,精密机械加工,高端装备制造,17.8,10400,72.3,3.3,大专及以上,CAD/CAM|PLC控制|数控编程|设备调试
邢台,有色金属冶炼加工,能源化工,14.2,10700,48.8,1.5,大专及以上,化工工艺|DCS控制|冶金工艺|设备维护
邢台,畜牧与水产养殖,农业食品,10.9,8500,64.5,2.4,大专及以上,质量检测|食品安全法规|供应链管理|品牌营销
邯郸,石油化工与炼化,能源化工,19.6,11000,60.9,0.5,大专及以上,DCS控制|安全环保管理|冶金工艺|设备维护
邯郸,轨道交通装备制造,高端装备制造,15.5,9900,72.9,2.6,大专及以上,CAD/CAM|精益生产|数控编程|设备调试
邯郸,新材料研发制造,新材料与环保,15.5,11400,63.0,3.1,硕士及以上,环境工程|检测认证|工艺优化|实验室管理
邵阳,跨境贸易与出海,商贸零售,18.9,5800,69.2,4.5,大专及以上,用户增长|直播营销|商品采购|跨境贸易
邵阳,轨道交通装备制造,高端装备制造,18.1,7200,62.6,4.3,大专及以上,CAD/CAM|PLC控制|数控编程|设备调试
邵阳,白酒与酿造,农业食品,14.5,6000,58.4,1.7,大专及以上,质量检测|农业技术推广|供应链管理|品牌营销
郑州,仓储与供应链管理,现代物流,11.4,8400,68.2,1.7,大专及以上,仓储运营|国际货代|路径优化|WMS系统
郑州,职业与技能培训,教育培训,10.0,7700,63.2,-2.2,本科及以上,教学设计|课程研发|演讲表达|学生管理
郑州,新能源汽车整车制造,汽车与新能源,9.1,12700,71.4,4.6,本科及以上,三电系统|CAN总线|自动驾驶|整车标定
郑州,特色农产品种植加工,农业食品,6.0,7400,43.7,2.2,大专及以上,食品工艺|质量检测|农业技术推广|供应链管理
郑州,集成电路设计与制造,半导体电子,5.8,14400,88.6,8.0,本科及以上,微电子|半导体工艺|嵌入式C|版图设计
郴州,新材料研发制造,新材料与环保,17.5,8000,72.1,2.2,硕士及以上,材料表征|检测认证|工艺优化|实验室管理
郴州,康养与休闲度假,文化旅游,16.5,5900,46.5,-0.5,大专及以上,旅游产品设计|目的地营销|外语能力|活动策划
郴州,有色金属冶炼加工,能源化工,12.3,7300,60.5,-1.9,大专及以上,化工工艺|DCS控制|电气自动化|安全环保管理
鄂尔多斯,再生资源利用,新材料与环保,19.4,12700,65.7,6.4,硕士及以上,环境工程|检测认证|工艺优化|实验室管理
鄂尔多斯,电力与热力生产,能源化工,16.5,9900,49.3,-0.3,大专及以上,化工工艺|DCS控制|电气自动化|设备维护
鄂尔多斯,轨道交通装备制造,高端装备制造,12.7,11000,78.5,2.3,大专及以上,机械设计|PLC控制|数控编程|设备调试
鄂州,光电显示器件制造,半导体电子,24.2,13900,73.2,4.8,本科及以上,微电子|电路设计|半导体工艺|嵌入式C
鄂州,通用设备制造,高端装备制造,19.5,10300,64.4,2.0,大专及以上,机械设计|CAD/CAM|数控编程|设备调试
鄂州,航空物流与快递,现代物流,12.7,8000,65.7,5.4,大专及以上,仓储运营|国际货代|路径优化|WMS系统
酒泉,白酒与酿造,农业食品,17.7,7100,45.1,3.8,大专及以上,食品工艺|质量检测|农业技术推广|供应链管理
酒泉,再生资源利用,新材料与环保,15.2,9900,74.3,5.5,硕士及以上,材料表征|环境工程|实验室管理|碳中和核算
酒泉,煤化工与焦化,能源化工,13.6,9300,52.0,-1.5,大专及以上,化工工艺|DCS控制|安全环保管理|设备维护
重庆,精密机械加工,高端装备制造,18.0,11000,71.7,5.1,大专及以上,机械设计|CAD/CAM|数控编程|设备调试
重庆,软件开发与信息服务,信息技术,12.7,16000,86.4,7.5,本科及以上,Python|数据分析|机器学习|云计算
重庆,动力电池与储能,汽车与新能源,10.1,10900,81.4,4.8,本科及以上,三电系统|嵌入式开发|电池技术|CAN总线
重庆,港口航运与货代,现代物流,9.7,7700,74.9,2.7,大专及以上,供应链管理|国际货代|路径优化|WMS系统
重庆,职业与技能培训,教育培训,8.9,8000,65.7,2.3,本科及以上,教学设计|课程研发|演讲表达|教育心理学
金华,精密机械加工,高端装备制造,24.7,9900,69.7,3.6,大专及以上,CAD/CAM|精益生产|数控编程|设备调试
金华,专业市场与展会服务,商贸零售,13.5,7600,71.6,2.0,大专及以上,电商运营|用户增长|直播营销|客户关系管理
金华,冷链物流,现代物流,13.1,7300,63.2,5.2,大专及以上,仓储运营|国际货代|路径优化|关务合规
钦州,节能环保工程,新材料与环保,20.0,9900,73.6,5.3,硕士及以上,材料表征|检测认证|工艺优化|实验室管理
钦州,航空物流与快递,现代物流,16.6,7300,78.6,1.6,大专及以上,供应链管理|路径优化|WMS系统|关务合规
钦州,有色金属冶炼加工,能源化工,16.3,10000,61.5,0.9,大专及以上,化工工艺|电气自动化|安全环保管理|设备维护
铜仁,节能环保工程,新材料与环保,24.8,10500,76.9,3.7,硕士及以上,材料表征|检测认证|实验室管理|碳中和核算
铜仁,景区与主题公园运营,文化旅游,19.1,6100,45.0,0.6,大专及以上,旅游产品设计|目的地营销|外语能力|活动策划
铜仁,畜牧与水产养殖,农业食品,13.8,6400,59.2,1.8,大专及以上,食品工艺|农业技术推广|食品安全法规|品牌营销
铜陵,有色金属冶炼加工,能源化工,23.8,10600,62.3,1.9,大专及以上,化工工艺|DCS控制|冶金工艺|设备维护
铜陵,通用设备制造,高端装备制造,19.7,11600,63.9,1.3,大专及以上,机械设计|CAD/CAM|精益生产|设备调试
铜陵,再生资源利用,新材料与环保,11.9,11600,61.4,5.5,硕士及以上,材料表征|检测认证|实验室管理|碳中和核算
银川,新材料研发制造,新材料与环保,26.6,7200,63.2,2.9,硕士及以上,材料表征|环境工程|检测认证|工艺优化
银川,人工智能与算法服务,信息技术,20.5,11900,73.3,3.1,本科及以上,Python|机器学习|云计算|系统架构
银川,有色金属冶炼加工,能源化工,14.8,6400,51.2,-0.5,大专及以上,化工工艺|DCS控制|安全环保管理|冶金工艺
锦州,石油化工与炼化,能源化工,17.6,8700,65.1,0.3,大专及以上,化工工艺|DCS控制|冶金工艺|设备维护
锦州,轨道交通装备制造,高端装备制造,15.0,8700,64.4,3.9,大专及以上,CAD/CAM|PLC控制|精益生产|数控编程
锦州,食品加工与饮料制造,农业食品,11.7,6500,64.7,2.6,大专及以上,食品工艺|质量检测|农业技术推广|品牌营销
镇江,航空物流与快递,现代物流,22.1,7000,62.1,2.7,大专及以上,供应链管理|仓储运营|WMS系统|关务合规
镇江,精密机械加工,高端装备制造,20.4,7800,68.8,0.6,大专及以上,CAD/CAM|PLC控制|精益生产|数控编程
镇江,节能环保工程,新材料与环保,18.6,8900,75.9,2.3,硕士及以上,材料表征|环境工程|检测认证|工艺优化
长春,化学药与生物药制造,生物医药,15.5,13100,62.1,5.9,硕士及以上,分子生物学|GMP规范|临床研究|实验室操作
长春,轨道交通装备制造,高端装备制造,14.3,11300,66.6,5.8,大专及以上,机械设计|CAD/CAM|精益生产|设备调试
长春,特色农产品种植加工,农业食品,12.5,7300,65.6,0.5,大专及以上,食品工艺|质量检测|食品安全法规|供应链管理
长春,动力电池与储能,汽车与新能源,10.5,14200,69.2,3.8,本科及以上,三电系统|嵌入式开发|电池技术|CAN总线
长沙,K12与素质教育,教育培训,11.3,8100,51.6,0.9,本科及以上,教学设计|课程研发|演讲表达|教育心理学
长沙,工业机器人与自动化,高端装备制造,10.5,9400,65.5,2.4,大专及以上,CAD/CAM|精益生产|数控编程|设备调试
长沙,新能源汽车整车制造,汽车与新能源,8.3,10700,85.9,4.4,本科及以上,三电系统|嵌入式开发|电池技术|自动驾驶
长沙,人工智能与算法服务,信息技术,6.6,15000,80.7,2.9,本科及以上,Python|Java|数据分析|云计算
长沙,出版与数字媒体,文化传媒,6.0,7700,71.9,1.5,本科及以上,内容策划|短视频剪辑|文案写作|视觉设计
长治,有色金属冶炼加工,能源化工,17.4,8600,51.9,0.5,大专及以上,化工工艺|DCS控制|安全环保管理|设备维护
长治,工业机器人与自动化,高端装备制造,16.9,9100,65.7,0.9,大专及以上,机械设计|CAD/CAM|PLC控制|精益生产
长治,智能终端组装制造,半导体电子,14.1,11900,87.5,5.1,本科及以上,微电子|电路设计|版图设计|测试验证
阜阳,仓储与供应链管理,现代物流,23.8,7700,73.2,4.7,大专及以上,供应链管理|仓储运营|国际货代|WMS系统
阜阳,特色农产品种植加工,农业食品,19.5,7900,67.5,1.7,大专及以上,质量检测|农业技术推广|食品安全法规|供应链管理
阜阳,电子商务运营,商贸零售,15.8,7200,72.8,4.4,大专及以上,用户增长|商品采购|客户关系管理|跨境贸易
阳江,畜牧与水产养殖,农业食品,18.8,6400,66.5,3.9,大专及以上,食品工艺|农业技术推广|食品安全法规|品牌营销
阳江,通用设备制造,高端装备制造,18.4,8200,59.4,2.5,大专及以上,机械设计|CAD/CAM|PLC控制|设备调试
阳江,节能环保工程,新材料与环保,16.0,8500,78.0,3.0,硕士及以上,材料表征|环境工程|检测认证|工艺优化
阳泉,石油化工与炼化,能源化工,21.8,10400,58.0,1.1,大专及以上,化工工艺|电气自动化|安全环保管理|冶金工艺
阳泉,再生资源利用,新材料与环保,20.5,10700,60.2,3.4,硕士及以上,材料表征|环境工程|实验室管理|碳中和核算
阳泉,工业机器人与自动化,高端装备制造,12.0,10200,61.0,2.5,大专及以上,机械设计|PLC控制|数控编程|设备调试
阿拉善,有色金属冶炼加工,能源化工,20.4,9000,67.4,-0.4,大专及以上,DCS控制|电气自动化|安全环保管理|冶金工艺
阿拉善,新材料研发制造,新材料与环保,13.4,9300,59.9,1.9,硕士及以上,材料表征|环境工程|检测认证|实验室管理
阿拉善,旅行社与旅游产品,文化旅游,9.9,6800,54.2,2.4,大专及以上,酒店运营|客户服务|目的地营销|外语能力
雅安,景区与主题公园运营,文化旅游,22.6,6800,64.0,1.4,大专及以上,酒店运营|客户服务|外语能力|活动策划
雅安,新材料研发制造,新材料与环保,18.6,10300,62.5,2.5,硕士及以上,环境工程|检测认证|工艺优化|实验室管理
雅安,特色农产品种植加工,农业食品,15.0,7900,51.9,2.4,大专及以上,食品工艺|质量检测|农业技术推广|供应链管理
青岛,新能源汽车整车制造,汽车与新能源,17.3,12400,82.6,3.5,本科及以上,三电系统|电池技术|自动驾驶|整车标定
青岛,仓储与供应链管理,现代物流,17.2,8300,79.3,2.6,大专及以上,供应链管理|仓储运营|路径优化|WMS系统
青岛,通用设备制造,高端装备制造,13.5,11600,59.5,4.3,大专及以上,机械设计|CAD/CAM|PLC控制|精益生产
青岛,旅行社与旅游产品,文化旅游,11.5,7500,67.2,-1.3,大专及以上,酒店运营|目的地营销|外语能力|活动策划
鞍山,工业机器人与自动化,高端装备制造,16.4,9600,77.4,4.0,大专及以上,机械设计|CAD/CAM|数控编程|设备调试
鞍山,煤化工与焦化,能源化工,14.7,9200,53.6,2.6,大专及以上,化工工艺|DCS控制|安全环保管理|冶金工艺
鞍山,检验检测与认证,新材料与环保,14.5,9200,63.8,5.8,硕士及以上,材料表征|环境工程|工艺优化|实验室管理
韶关,景区与主题公园运营,文化旅游,21.7,5500,50.5,0.4,大专及以上,酒店运营|客户服务|目的地营销|活动策划
韶关,节能环保工程,新材料与环保,17.2,8000,59.6,3.0,硕士及以上,材料表征|环境工程|工艺优化|碳中和核算
韶关,轨道交通装备制造,高端装备制造,15.7,7900,78.1,4.2,大专及以上,CAD/CAM|PLC控制|精益生产|数控编程
香港,证券与基金服务,金融商务,19.9,8300,73.1,2.5,本科及以上,财务分析|风险控制|数据建模|商务谈判
香港,航空物流与快递,现代物流,13.0,5100,62.4,2.5,大专及以上,仓储运营|国际货代|WMS系统|关务合规
香港,专业市场与展会服务,商贸零售,9.3,4600,57.8,-0.5,大专及以上,用户增长|商品采购|客户关系管理|跨境贸易
香港,康养与休闲度假,文化旅游,8.9,4100,63.2,1.0,大专及以上,客户服务|目的地营销|外语能力|活动策划
马鞍山,有色金属冶炼加工,能源化工,18.0,6500,50.2,1.4,大专及以上,DCS控制|电气自动化|安全环保管理|设备维护
马鞍山,通用设备制造,高端装备制造,15.0,7200,77.5,1.8,大专及以上,机械设计|PLC控制|精益生产|数控编程
马鞍山,节能环保工程,新材料与环保,12.7,7400,62.5,3.8,硕士及以上,材料表征|环境工程|工艺优化|碳中和核算
驻马店,轨道交通装备制造,高端装备制造,20.5,11700,70.3,5.0,大专及以上,机械设计|PLC控制|精益生产|数控编程
驻马店,港口航运与货代,现代物流,20.4,9300,70.0,1.8,大专及以上,仓储运营|国际货代|路径优化|关务合规
驻马店,食品加工与饮料制造,农业食品,10.9,9200,56.7,1.4,大专及以上,食品工艺|食品安全法规|供应链管理|品牌营销
鸡西,电力与热力生产,能源化工,22.2,9100,68.2,-0.3,大专及以上,化工工艺|电气自动化|安全环保管理|设备维护
鸡西,新材料研发制造,新材料与环保,15.7,9800,60.7,2.7,硕士及以上,材料表征|环境工程|检测认证|实验室管理
鸡西,食品加工与饮料制造,农业食品,14.9,7400,44.4,2.8,大专及以上,食品工艺|农业技术推广|食品安全法规|品牌营销
鹤壁,节能环保工程,新材料与环保,19.8,8500,72.6,1.9,硕士及以上,环境工程|检测认证|实验室管理|碳中和核算
鹤壁,软件开发与信息服务,信息技术,17.8,14900,82.3,8.0,本科及以上,Python|数据分析|云计算|系统架构
鹤壁,有色金属冶炼加工,能源化工,14.4,9000,49.7,1.4,大专及以上,化工工艺|DCS控制|安全环保管理|设备维护
黄冈,房地产开发经营,建筑地产,25.1,9300,44.3,-4.0,大专及以上,BIM建模|工程造价|施工管理|项目管理
黄冈,景区与主题公园运营,文化旅游,13.0,6500,59.0,0.3,大专及以上,旅游产品设计|酒店运营|目的地营销|外语能力
黄冈,白酒与酿造,农业食品,12.6,6400,43.1,1.8,大专及以上,食品工艺|农业技术推广|供应链管理|品牌营销
黄山,旅行社与旅游产品,文化旅游,20.0,5900,45.1,-0.3,大专及以上,旅游产品设计|客户服务|外语能力|活动策划
黄山,畜牧与水产养殖,农业食品,13.6,6600,44.3,1.8,大专及以上,食品工艺|食品安全法规|供应链管理|品牌营销
黄山,专业市场与展会服务,商贸零售,13.4,6300,50.7,3.2,大专及以上,电商运营|用户增长|直播营销|客户关系管理
黄石,轨道交通装备制造,高端装备制造,20.9,10200,58.4,5.1,大专及以上,机械设计|CAD/CAM|PLC控制|设备调试
黄石,节能环保工程,新材料与环保,19.2,10000,60.0,2.7,硕士及以上,材料表征|检测认证|工艺优化|碳中和核算
黄石,电力与热力生产,能源化工,14.3,9800,53.9,0.7,大专及以上,化工工艺|DCS控制|电气自动化|冶金工艺
齐齐哈尔,精密机械加工,高端装备制造,18.6,9500,67.2,3.3,大专及以上,机械设计|CAD/CAM|精益生产|数控编程
齐齐哈尔,白酒与酿造,农业食品,17.0,6900,53.7,1.8,大专及以上,农业技术推广|食品安全法规|供应链管理|品牌营销
齐齐哈尔,煤化工与焦化,能源化工,16.4,10100,61.7,1.2,大专及以上,DCS控制|电气自动化|安全环保管理|冶金工艺
龙岩,煤化工与焦化,能源化工,21.1,10500,59.7,0.4,大专及以上,化工工艺|DCS控制|冶金工艺|设备维护
龙岩,食品加工与饮料制造,农业食品,19.9,8500,55.6,1.6,大专及以上,食品工艺|质量检测|农业技术推广|品牌营销
龙岩,再生资源利用,新材料与环保,11.7,10800,63.8,1.0,硕士及以上,材料表征|环境工程|实验室管理|碳中和核算
